feature_1,feature_2,feature_3,feature_4,feature_5,feature_6,feature_7,feature_8,feature_9,feature_10,target,target_class
1.163955778637993,0.8250938269599158,-0.6610245781570755,-0.0510302739403436,-0.3315088289449072,0.0278368375971934,-0.5010314309405525,-0.3362450675768832,0.5308395601292831,-0.3097875637986075,0.7330037557708863,Class_1
-2.98241388169793,-2.3761556650446938,2.020071034322668,-1.4745767614213414,1.0455339963703154,-0.6612102976466632,-1.2463143845873224,-0.2396405464087478,0.4796193650566017,0.0602361729350128,-1.4562118812609024,Class_0
2.6445790816944896,1.9444583036503615,-1.6402343741140035,-0.5697330438494479,0.530295449715663,-0.1961693228423068,0.5611244797202208,-0.1982994052283782,-0.3690851430427118,-1.2407559440975204,2.90817313781472,Class_2
2.5121275826256597,2.9111197075816406,-1.795432847051261,1.4498407086910028,-1.2033853365368494,0.7930306773185725,-0.1561497289820324,0.1125497088104847,-0.0084400454244064,-1.3877535617002592,0.8500816599271317,Class_1
-5.90617758762436,-4.520141108516986,3.9489996148486246,-0.8897601778330656,-0.233698095247956,0.0723960441228304,-1.2110016775701329,-0.9326510746976466,1.6320421765381543,0.1822977823379854,-4.587704775746306,Class_0
-3.99904279737552,-3.332330708335049,2.2862290740707527,0.8439926150652128,-0.4002657408339383,-0.1421207459507436,2.438346189423755,1.0366504884444023,-1.5874185638145597,-0.7577805673149619,-1.708626654283218,Class_0
-0.0112153257798642,0.2400941494664461,-0.5859860053824424,1.0391146615531546,-1.687682596401467,1.03980141628596,0.0805429310451317,0.5021584070152421,-0.0818102230563543,-1.4525117170069195,-0.4860455442870489,Class_1
-0.7366623360748078,-0.6731823009876172,0.7174220753283153,-1.176201548229829,0.20079902405737,-0.8401584940875861,-1.5870958684434822,-1.6302073289689158,1.0396612366674298,0.9653412923140626,-0.8918829747727199,Class_1
-0.104482783673538,-0.2515076888671432,-0.1294549707503293,1.4559543041475431,-1.4614133379870895,1.0691383963585284,0.4130776050267852,0.3939049957400333,-1.6446401077615431,-0.6317946729270923,0.1397143972322957,Class_1
-2.411205541723428,-1.8410377423008284,1.766496086167225,0.8809765396257924,-0.7346125274670671,-0.0216162474982515,0.0770250400984482,0.8709826210856257,-0.5628272961135019,1.149811603865358,-2.220813535677073,Class_0
3.110148311454408,2.288895067617968,-1.6026096341038194,-2.9618465569090047,1.7862703945832303,-1.7105143300155414,-0.8955056579266425,-0.7917649067800128,1.558241029659937,0.0284707911094271,2.6985631187146484,Class_2
2.262727067921324,2.008594566287004,-1.8097744383390084,3.095982507489754,-2.7781732769295093,1.5696581433279038,1.7209426710008398,1.5221645534992183,-1.5630940839286185,0.2947588620553034,0.9641281946972712,Class_1
0.113861496152217,0.3368151608457442,-0.4143688460376691,-0.7724878332543523,0.7810273935367222,-0.699217503258319,0.6422228893648263,0.7530753915478632,-1.0677260444670646,-0.2114997460968529,0.7454585738750181,Class_1
3.405456454848898,3.2488104882623468,-1.9195960774570069,-3.2960978274805184,2.861182233626687,-2.911919972335668,0.2498950510816159,0.2889062869900212,-0.2197757473039666,-2.655162244545697,4.966260662683565,Class_2
1.599977497352819,1.2115121936769904,-0.8647045279115994,-2.3503745082407197,1.926643122242132,-1.864939926677013,2.5011784864908524,1.105651642718903,-1.1274129054114623,-1.1367864910537042,3.1503499305400604,Class_2
-2.6912199937117447,-2.1764912499259417,1.6347367944318223,-2.335903722613432,1.6394076238939108,-1.127411505126676,0.1113225721300334,-0.1393713445730431,-0.2410259078417727,-0.1257094597187244,-0.2735381066399966,Class_1
0.9800600328210703,1.2990568660368915,-0.9242896586942504,0.4121262767891351,0.3494389164189218,0.2840312590560679,-0.1955664379912522,0.0506157040858258,0.0429437943150887,0.3647291372927045,0.656655609733621,Class_1
-2.6652099484387235,-2.155318898074713,1.8156770318765416,-1.0010678170412457,0.6393923019032987,-0.0085546601346657,-0.7637117278221133,-0.232634520462302,0.6562886390659283,-1.789674022388121,-2.4005977284726367,Class_0
2.7110787686894247,2.1158807931722508,-1.9950150698372071,-0.3543227970354322,0.3641634855606706,0.0406565449145622,0.4471654005128073,0.0572826248331767,-0.186823155749129,-0.0536017078604611,2.7689059248312566,Class_2
-0.5587233855597229,-0.1235181653008772,0.2765342567906239,1.1898441832258269,-1.0871100898581902,0.6590594007248007,0.3423958794715938,0.3497636178175741,-0.0555397917703662,-1.1222640872140317,-0.6148439011189302,Class_1
-0.7996654505296034,-0.4133106798784517,0.2143744963692569,0.6510003724925504,-0.5745710545651853,1.0344531236433607,0.182368214881203,-0.0844825267810353,0.4291350863568567,0.2346201650896541,-1.2778844766472282,Class_0
-1.742541460446382,-1.6118706248586077,1.5805660064511362,0.119669429664575,-0.204469724810381,-0.038855173696186,-0.873867017507329,-0.543804076463737,0.8796120337973824,-0.019400785699825,-2.183932748456229,Class_0
3.748009672637853,2.7172033839502974,-2.525208461302063,0.7756419256188094,-0.917805951866552,0.8758778030837551,1.0085579476227222,0.1134575207459327,-0.4918972305782819,0.7435016024295735,1.5522056230347647,Class_2
-0.6160276324138563,-0.7719448571223955,0.1003889274141413,1.4163449908078891,-0.8788407930878568,0.7515338018933675,0.0917809837396063,-0.2811723407070678,0.8468638954420535,1.0668229301875187,-0.1451128073833247,Class_1
-1.319065397936318,-1.2926670609083817,0.7713953267234541,-4.616829709910481,3.806872357934141,-3.487535062589925,-1.13971096324351,-0.7007005745578188,1.809345341389828,0.4589898992740289,1.1837555016872867,Class_1
-1.053753316904355,-1.1215184869734094,0.1794337454761757,-0.5792857443533688,1.10345880901066,-0.3315929248401369,-2.194688892278275,-1.5403341088400953,1.4363299938996483,0.8603935889705746,-1.920706676134132,Class_0
1.7440742287160789,1.1698169603902462,-1.088772086441499,-4.333716452875241,4.311645551872876,-2.9395820629249862,0.8882469705838318,0.391799495720211,-0.052141177912982,-0.3503424759238385,4.294885287781838,Class_2
0.824679514120477,1.072287821432697,-0.7649119669541884,-0.1210068305541012,-0.0058140768582516,0.3744338255229837,-3.4114585167024503,-2.9782985379143696,2.64783358045322,2.823117411267145,-0.830922181160737,Class_1
1.0700080070538736,0.9895992399087864,-0.6605166738823832,0.2471359814987006,-0.0703454363009965,0.0682515027766592,0.4046739376721351,-0.100580876473224,0.3383297816180766,-1.218819096494881,0.7921672782382757,Class_1
1.347054159996326,1.126151158772254,-1.2389029916124414,1.4303875188857935,-1.729976321717588,1.614483467649754,-0.2982938300586529,-0.223844321442822,1.1172051992830037,-0.5277557779093213,-1.7710047562867983,Class_0
6.404975886512293,5.048043149665588,-4.050921929568213,2.4792730100653544,-2.1918769150361674,1.9658548940766472,1.5898434658564815,1.3056627287338631,-1.8076643762403235,0.9013585827468928,3.975297271727052,Class_2
-1.1048732126265046,-1.1314480916917753,0.9769498917687623,0.8913806439267222,0.1390970449392392,0.4104799988095678,0.3707684376052663,-0.2043145922121834,0.7755183512776477,0.7527213048609925,-1.7195541163599242,Class_0
-1.7826296666865316,-1.1337924072426333,1.2748941708828072,-0.5687392130636012,0.9241909627675232,-0.5610670722402566,1.362572964745656,0.8139287072049746,-0.412556354092554,0.4873890191423488,0.5803532849134674,Class_1
-2.369892449489369,-1.885693706075494,1.617001181294928,1.0872642412530324,-0.9949827923361791,0.7991414802073568,-0.0053984763537112,0.4778631574040491,1.4825689051961035,0.6753186579931079,-2.205035185476532,Class_0
2.066254991601981,1.3588050993917622,-1.0291794783304402,-1.1463395074878808,0.8123672213615867,-0.4969021174092429,0.4422122611313775,-0.1967701928412349,-0.4220434158883006,-2.0835571546060407,2.2520655933306486,Class_2
3.484280587592532,2.8628463283971177,-2.552193392423164,-0.193526069850987,-0.3614039029615842,-0.571611709457673,1.5895481641960791,0.0153833804541306,-0.2375028732145246,1.5892986945378342,4.047456485185514,Class_2
-0.3140200250123068,0.2648433192333953,0.3705044283506568,1.881394895749843,-1.6080776321013852,1.4332587591609165,-1.1298545785771823,-0.8365213431207317,0.5157496951704599,-0.2038909588666149,-2.939515210277178,Class_0
-2.5396461514007784,-2.10479067472023,1.526080401505067,-0.9524005176034752,0.7579850619891118,-1.3210032918300905,1.7439791085943153,0.6154386617159271,-1.5927560463804722,1.2458941822708518,-0.4553870649781017,Class_1
-2.640413877628019,-2.23449977576371,1.318682064897892,1.369184136847177,-1.1207770749801775,1.305363665025461,-1.5889351773275888,-1.2840588640425992,1.0450727968834168,-2.033526578967956,-3.780413694233396,Class_0
1.9373786449861456,1.5830413722212129,-1.5260136792822745,1.582029882799719,-1.6072029798466163,1.590777614587248,0.127775763443363,0.3025978973604828,-0.3230662223743342,0.2565685034811911,1.6513445609617126,Class_2
2.481703684186408,1.881179704890314,-1.4854021146810303,-1.269635478860646,1.756797705527454,-1.5981173993776712,1.3317246449700906,1.331437712731876,-1.4384597723127537,-0.5635022791448486,4.555809081384505,Class_2
1.60565710359556,1.32009357559035,-1.2511683782539107,1.9292232858965837,-1.4079423032420857,1.5053794029301268,1.2853330563526912,1.2098973717992672,-0.6011717934287566,0.5721201515813034,0.7978427714135145,Class_1
-2.1744899197357648,-1.6716129433908613,1.4062341209165483,0.9938142497580186,-1.9030935410558,1.3126198682798311,1.838303199409708,1.926523789800511,-1.7249656622095189,0.3170704524688457,-1.2427750016192731,Class_0
0.5980345514470821,0.2195416084325894,-0.825970157134243,-0.1995716491496089,0.4220130658668723,-0.5708141950592975,-1.121145131843885,0.1694135006020116,0.9350635106665316,0.3660477974991784,-0.6380750086592899,Class_1
0.3902274868773707,0.0510569040803327,-0.6587911270046288,-1.2916772505418317,1.2445966652903413,-1.326223855791944,-1.6159662726177813,-1.3837835488402968,1.300326540731496,-1.0589416882314917,-0.1407426133261625,Class_1
0.5813629907508694,0.5093876825546579,-0.1628997066293107,-1.736335890839273,1.5888994480846677,-1.1612285471178574,-1.2677485320724289,-1.547909214446578,1.034379791981845,-0.056969120818611,0.539004690504904,Class_1
2.711346990457198,2.137254952364865,-1.5620975300160929,-0.812275884986829,1.1392274060803436,-1.82044201933458,1.1341439043521997,1.015669537048861,-0.7283041659206613,-0.180167047929341,3.82405777812765,Class_2
0.7753553984738529,0.4174415532217055,-0.657050464732126,0.9250986518361152,-0.758831317090862,0.4720087223617,1.9718785675170625,-0.2873071158571843,-0.460786576703897,0.4953100417074325,-0.0902458116709944,Class_1
2.214537325296614,1.653030511160628,-1.3584270548378976,-1.6620632705408465,1.802290482800421,-1.0481374604186455,0.2904362749872508,-0.2099702153972475,0.3314499792838551,0.9892969954334668,2.817321122641848,Class_2
0.4874491029196809,0.18420138757578,0.0687432730624818,0.8275347452048222,-0.4883066724038556,1.0073172880875585,-1.6416270341934822,-0.8026164512272984,1.344028655372279,0.1504759220086146,-1.0322824797760102,Class_1
1.0665299409444249,0.9451518608560916,-0.4943986757218472,-2.70326227435397,2.3908811658576505,-1.7316219137380535,0.4016374197392747,0.6492279719766424,-1.404632674113851,-1.2761722883885986,2.2226019383438187,Class_2
1.707016864686029,1.5534176307898382,-1.232931832440385,-0.5284367125184133,0.8955877939996192,0.0026662973218387,-1.5997472986148908,-1.178615405034089,1.1222468266201178,0.107578809566768,0.6152384168494914,Class_1
-4.552174348882254,-3.5431137483146027,3.1333424559738523,-0.1398207974789536,-0.0406676953768363,0.2397581139085252,1.0146395444407637,0.5707386110112074,-1.2084361202559353,2.6110762284092623,-2.700059470007287,Class_0
-0.9741679443638688,-0.9345781162517336,0.4931999376743585,5.487068157692317,-3.811843605141124,3.862083435193185,3.6159460245580073,2.5673736250525434,-2.693532471472206,1.646005326987786,-2.168294372070245,Class_0
-1.501353034326269,-1.0329077048323685,0.9469809983185168,-2.783545855108281,2.749491832007958,-2.176452281374766,0.6205500301995511,0.7312710274095122,0.1160423153859151,-2.974399562757699,1.1251787449725943,Class_1
-2.144298890122214,-1.5032620462052655,1.2741859688282056,3.1373833595849256,-3.1913512574127187,2.2485562887579325,0.514462480979309,0.5327844887063764,0.0684551874114646,0.0633431536948447,-3.3382814107113177,Class_0
-0.91376511251465,-0.4714013772717544,0.4957320929191589,0.1386240881133203,0.5136144583392482,0.0034339857353822,0.202550282838842,-0.7756641438624279,0.5943915048168372,0.9321195252553444,-1.0565450351975527,Class_1
4.3899213469793805,3.915718393697112,-3.067843724752942,0.5067654894379794,-0.9124126849718994,1.0589770474877542,-2.4664349130001373,-2.1282073732170668,2.2965583233964955,-0.1823270125679794,1.0355607897716494,Class_1
-2.7318628950319708,-2.017393883512822,1.7462358789521846,0.1665316735010284,0.2356369604617524,0.7100676634080774,-0.7710356627955365,-0.8662852599094316,0.0812066855720567,-0.4600909201438836,-2.501269886509964,Class_0
2.841677166543441,2.396091534314257,-1.929675209985856,1.2198113964042256,-0.792470239815588,1.150059707536825,-1.0558092229625722,-0.826672216023131,1.3741373944732176,-0.2669642150834883,0.5804924605066908,Class_1
-4.8129191447837485,-4.145939622278394,3.1560540147247043,-0.4635897461435205,0.5949602651324057,-0.3733657231302784,-1.3795835341900873,-1.16486321382963,1.161599393472173,0.5521894854346522,-4.72712281824737,Class_0
-0.9648074817074768,-0.5713353428515555,0.8301292419516392,2.646940771096092,-2.823833999883163,1.847254358408407,2.577862539012058,1.229921107557817,-1.9196116144971145,-1.1484699743750089,-1.132164444041504,Class_1
0.9826210105261106,0.2438640204118153,-0.5207831717632628,-0.8663030151387018,1.0093714225313768,-0.2377659350745264,0.4988336132282231,-0.6387275025696275,0.9117865857205067,1.1886886516093709,1.1254033498889102,Class_1
1.7927686312817643,1.308453883723979,-1.216091351627991,2.4141759245738186,-2.113979393540968,1.888719379175866,0.8759901770519791,0.5097239280214513,-0.2962346441992101,-0.0559929916980691,-0.4639889121280769,Class_1
2.075666584591114,1.823424298969728,-1.4815092541297203,-0.7958797897700909,1.6335617498604078,-0.8515461607862594,-0.6368701070466751,-0.637203088266725,-0.005600685956257,-0.9350242741115492,1.7444065418967545,Class_2
2.380868282130749,2.087188010566176,-1.5150737478680072,-0.0143785492908254,0.2400537737474193,-0.3121489993327314,0.1597874852080291,0.1200410174070207,0.3532737930709422,1.1243501613986957,1.418076643813691,Class_2
-0.9948768210566048,-1.0778393054370952,0.2736293564534086,-1.950727301021068,2.2103153865128644,-1.4589614940124611,1.51935247874976,0.5656517571643,-1.2678358250990087,-1.5451309051116413,2.617453858152881,Class_2
-1.3000045865594887,-1.1745701225147451,1.102885548315026,1.1258300117711364,-1.468265758067457,0.3026882596396026,0.5663501274671559,-0.4242635882936174,-0.3487268146982835,-0.5552100970015839,-1.6647657458578813,Class_0
2.989269908943266,2.1214400095856885,-1.8513498320367403,2.5443472992732783,-2.6268985264043483,2.389610760017462,-0.0305416712617377,0.5388933071260932,0.2574924815289943,-0.5716750652851643,-0.5993837905274264,Class_1
-0.7429770676403584,-1.032080841104905,0.6266013087186406,-0.4437119807825714,0.2624066141950261,0.3665760751308924,-0.598078403654446,0.7666758239500333,0.6423295381362186,2.143941938236131,0.0360317150845617,Class_1
-3.6552497583782175,-3.2441143056594948,2.455739661772613,-0.7189402842895142,0.4214787295989493,0.275537392311919,-0.0813270811315358,-0.0083256052122132,0.51458282980355,-0.6850207686394431,-2.765730629101494,Class_0
-3.3583115224876168,-2.8725474932208184,2.256805710860159,-2.628877652843347,2.294657697637623,-1.4239420256634547,-2.748842790674793,-1.211735029359335,1.3908762660630316,-2.154965220500105,-1.5783008137103254,Class_0
-3.0725764065189574,-2.338703950709783,2.221661780016907,-0.2199473446434951,0.3029555028529183,-0.8276465226958547,-2.1764964053252136,-1.636433541578028,2.0512081754149616,-0.5818151152791414,-3.379995116781752,Class_0
1.6456219885802448,1.5968804287787273,-1.0497891298662618,-3.0985734919439287,2.8816657990091388,-2.320125843751184,0.1100474886928647,-0.9358520555540006,0.9047108379107024,0.4555503474047782,3.814650014908283,Class_2
0.6808019203724767,0.0521147655491942,-0.0370814952064387,-1.80190715451022,1.9975484054183863,-0.6204283696580412,-0.1627540686282967,-0.3980891255071132,0.0604846538732711,0.7840845465836042,1.4039859274909754,Class_2
1.9000207814478187,1.5200577423682673,-1.3731616910226243,-0.3242428624024098,-1.0918215840300507,0.0361650125089036,-1.7154320440953137,-2.1618885790567672,0.1816209832001447,2.276539693442772,0.7108165988935685,Class_1
-1.2835447125879968,-1.7211805654211692,0.9375890587317663,3.2546694530683777,-2.1974186054430107,1.9578062460935184,-0.471024776937521,0.6609221792994795,1.006297757801631,1.406897570985881,-3.385235273577262,Class_0
0.1305482208286019,0.2761200611482504,-0.3030876642711536,5.35014012121294,-5.156744998011171,4.708549814974597,-0.1441157723039589,0.6593317183537512,0.0140971234993617,0.1879225939151521,-4.000188052156164,Class_0
1.6250098899651428,1.4650650963868417,-1.0816104626746486,-0.5576263433601141,0.7821577157615347,-0.6638807548805962,-2.7842370080559578,-1.7832797949674777,2.508956408959244,-0.8914154675747775,1.106249903646912,Class_1
-0.7184337036372647,-0.90086064338416,0.4815867568698665,2.435827869095485,-2.482577014678998,3.021004948537947,-1.37128610116161,-0.7695661522978692,1.44131505080137,1.6240274313473586,-3.4196559296015687,Class_0
1.2770424114707477,1.4188574287644686,-1.11036017971866,0.2437846132363347,-0.0705190756803696,0.1091244364724659,0.1936454013687634,-0.2540984966371105,-0.2618291521843806,-0.3685635503262314,2.009465840403542,Class_2
-2.207538418187561,-1.4396604720823871,1.1961366440578982,-0.9633501082456406,0.5839889135887308,-0.5732859951288515,0.3560685613195352,0.260632872355893,-0.1270011552485944,-0.6581572362146048,-0.9219036531161522,Class_1
-1.0432694668035296,-0.8881704353458534,0.7460497683949617,0.9738263962351136,-0.8192039223790626,1.0773355801315392,-1.4976516259421613,-0.3213506733982275,1.0995530210937667,-0.4170738021540699,-2.1694178773588435,Class_0
-1.2496961682811918,-1.0469979983807882,0.7193120308865922,-0.2065440788834513,0.151272618504358,-0.3256827943750987,0.9397904205441048,0.1951696447280472,-0.6662109851362632,-1.2522882388968095,0.2229825629075998,Class_1
-3.681683268322226,-2.733051696945883,2.533734266472315,-0.1011085950050691,0.0617080634317598,0.09672479233219,1.0692146131857625,0.6943079163396664,-1.0125548353072409,-0.4650200911709756,-2.4963087076791632,Class_0
1.6087826474917262,1.2124917370049917,-0.7129986216068596,-1.2284205908056576,0.7087883119400545,-0.6354760349408556,1.0701476372658212,-0.0038626009096368,-0.282134393980152,-0.2331083299784154,1.389228056413117,Class_2
-1.640553692395041,-1.378073360236424,0.743637012958446,-2.563012800776342,2.308673222041469,-1.7345681740132033,-0.345096131007242,0.4663650827797809,-0.154306657637919,0.7306566058121181,0.6843770910769765,Class_1
-0.1435906863533042,-0.3978268725519193,-0.1717779957781613,-2.873811309573899,2.587955155203048,-2.1004440149742862,-0.7974098863257337,-0.4492122024029257,0.2235643467288111,-0.3880883351010187,2.372731335315726,Class_2
1.4730559751475008,1.0915380237908516,-1.2487412014743886,1.8500999338860893,-0.9244847852457676,1.1398400448837425,-1.4369615962944542,-1.2691035772461858,1.1806866369199298,-1.267459241838515,-1.3267751862435957,Class_0
1.5334754862394733,1.3049888443680124,-0.4869877539080673,-0.7591121664933188,0.4854161180404769,-0.5559009423941534,-0.0671627596328489,0.0513315317900745,-0.6974998432570594,-1.6037721552567,1.9808928417971936,Class_2
2.2437873872163285,2.232597444817738,-1.2698363181212071,-1.1265319879982931,0.7591053534619234,-0.4688819428055699,-0.2486745440897342,-0.3354216311146529,-0.3788383359909376,0.209569747523116,2.64434009318858,Class_2
-0.4284687976005954,-0.23081112472619,0.2929314330291628,-0.3697893057742784,-0.5207689787544139,1.4217968550392728,0.8287635412266687,0.5137661952071916,-0.8416021158909173,0.0726258534692247,1.3009889123791611,Class_2
-1.0824195427485317,-1.2495846588904604,0.5785549470820979,1.4893527990106596,-1.1813286196192156,1.434347113996462,0.5887180378592165,0.2016220196541642,-0.1710535868294588,-0.5543127112131678,-1.4107534902086414,Class_0
-0.3959830914132789,-0.4955368293370511,0.1592024240114231,0.2050742920684431,-0.4886886241267839,0.30543118718099,0.2678509296587229,0.5356007296012878,-1.5300955837430017,-0.4674564604920708,0.4070539426744461,Class_1
-4.696761432492729,-4.080347360818675,3.476518464798677,-1.1727748860333085,1.2800152126505355,-1.4383344448087072,-0.1061196809902866,0.3959519182566828,-0.3197878312701208,0.3884869327991699,-1.6353459690119685,Class_0
-4.568091622353208,-4.0589351941537855,2.8436734067392897,2.7576924532233567,-1.8354152480473729,1.616320926212421,0.3948701756178843,0.7377407407074945,-0.7710103800889664,1.3905462536893474,-3.8364614348568167,Class_0
-3.702403074904861,-3.169162755534784,2.860540349674084,3.455691013212714,-3.235211248422983,2.293979672590892,0.9392764867865466,1.2086654474388272,-0.8686098729333711,-0.7801445841439879,-4.547554290201543,Class_0
-3.12303770416819,-2.288689167437976,2.4568598803315296,0.7362696289804234,-0.9037431937349896,0.5547248988907836,-0.535124158786916,-0.8669515984346198,1.34817651427913,0.0889028362154326,-3.952252830891525,Class_0
1.60197197112923,1.1085054301168076,-0.9889610188656636,2.24686739407508,-1.8038025642850235,1.4548680249317385,-2.348525816888085,-0.4091994053792132,2.7247153404357425,0.9582704040053236,-2.3921448529123994,Class_0
-2.5981730203096856,-2.318613056384791,1.606540661524782,2.470694452495283,-2.121605131576472,2.4852456221032675,1.8331846383375852,1.163348081023515,-1.0928487629502477,-0.7761142901972499,-2.4591407584027545,Class_0
-1.3376909679998137,-0.8041712217117706,0.5807738949730641,2.162819564039923,-1.6624307700019942,2.1316573956860023,0.8900818354116397,-0.1303391390613132,0.0835363498460859,-0.0156321145633053,-2.158637895440939,Class_0
3.793237197449695,3.2908053372472383,-2.2772167635688327,1.0156449081795718,-1.504214063201445,0.8655573149050464,-1.874222702392182,-1.9535575259848128,1.826440648738851,-0.0379956030876662,-0.7618786855370814,Class_1
-0.9125556721395296,-1.085190888118713,0.9209990055287888,1.0287133558413002,-0.906085300123059,0.4746225899792731,-1.1606201389891742,-0.7268138381185621,0.5359738189578303,-1.311295235043519,-2.2908842779721423,Class_0
2.423075588924372,2.3063920017614725,-1.5021367004929027,1.562015300551875,-0.6259318995255942,1.2475695350355984,0.989815265178084,0.0068724267865319,-0.8419103486034506,0.1684987947656227,1.3273305955850043,Class_2
-2.8149961583745235,-2.421964044927321,1.874547292899929,-2.1024521191458803,1.919294694997644,-1.663175507532043,-0.6666318019203878,-0.1338840104884794,0.5418760221553416,0.0315446786044313,-0.1712015906655828,Class_1
-0.6073810174101968,-0.3196558195565976,0.2475663904959157,1.453829867969533,-1.3025357802151916,0.4468095863285544,-0.4462808980885525,-1.2229767852131372,0.8920426805493069,0.5550842495960578,-1.0582085452267649,Class_1
-2.69839555820293,-2.979708707950381,2.0780495413697992,-2.790301999814192,2.565999958723274,-1.7843704152172686,1.887194294004664,1.3254620439045626,-1.2917357529379234,-1.1868864746607124,1.3472091028416768,Class_2
-0.9907395422995235,-0.5284649690561739,0.6020857869794142,-0.8554053268187013,1.5337241425920354,-0.8329088432058696,-1.8036084558599537,-1.4830591293839706,1.1035456724717705,0.0099703852612248,-0.77877812434445,Class_1
2.262223440504512,2.467961279807134,-1.732631582805791,2.9986332822701023,-2.1717113398444203,1.106279659984997,-0.8877242623514912,-0.8708553849313876,1.192713589467222,1.3817340636558086,-1.8222937048019432,Class_0
-5.344556074505082,-4.310842611199212,3.5763988006905487,1.464121690948757,-1.3440121349291905,0.97173611929478,0.2066344668595532,0.4320639871963845,0.2718238794803067,2.0774998319122866,-4.202356431331189,Class_0
1.350294919267905,1.225751867549083,-0.9064462747083588,2.892712062960338,-2.9719086131192483,2.192438530571094,0.6864168773335034,1.2730245123990356,-0.0774362716322539,1.2801292689716093,-1.4844298815326802,Class_0
0.9563032902963724,0.7339678012325854,-0.522464403364125,-0.6076221303858576,0.786093839948609,-0.1504327565729222,0.9281504616165313,0.0155085225941955,-0.5587825598401643,-1.1770715056502423,1.713475696248753,Class_2
-1.4592533822579736,-1.6460707816521671,1.190414952499404,-2.260736089068755,2.4240828629552533,-1.9088845665336112,1.2844654951325782,0.7599872603414954,-1.3359013260282444,0.4510526820436264,1.9677738622580043,Class_2
-4.1822676790110735,-3.4783640596113017,3.0511867915355246,-0.6912421919301163,0.4886118228337066,-0.6519054612963919,0.1170170034659192,-0.1107827112968517,-0.5614634545049115,-0.4831465749611137,-3.144634399615768,Class_0
0.2738466753488813,-0.021833848183465,0.1850395996690276,0.3357075514896573,-0.6319029269979337,0.4075561832489601,0.9605927350716912,0.0924974160202499,-0.8108093822691227,0.283900593129921,0.6596655000970864,Class_1
-1.438715349994912,-1.4759210035708377,1.1760826645768212,0.5936038722918137,-0.1766034012120446,-0.0454297561499411,-0.6602762217022005,-0.5192776653713926,0.3879602647165635,-0.7722167057769237,-0.7385246949200138,Class_1
0.5646784640227407,0.8634263141898346,-0.3046895779845545,1.8732725248121544,-1.9823030986798924,1.8902398458270964,-0.4529708334637427,0.3860550631678185,0.1389533678618676,-1.7134734418523,-0.6754899901961321,Class_1
0.0349102445186858,0.2982947864836578,-0.0836751034671106,-1.0609848711345111,0.3069066936701568,-0.930936116746275,-1.149073657759959,-0.0984415836438809,-0.6841005252366099,-0.3445172386998327,-0.3765524458602661,Class_1
4.6405105296948514,3.827853352773341,-3.3451173552755744,0.5591213770166564,-0.7417034683183678,0.0547351509716469,0.2300613822879812,1.0933134015454746,-0.4382059927463601,0.7226026966100152,2.4207585611958216,Class_2
-0.9678154045606152,-0.7817831545578209,0.6095085013930716,-2.108292966901561,1.3567180527147285,-1.21859651900227,0.5984291933019388,0.8616775291823783,-0.7524796022188793,0.2879997554738113,0.9821710623968576,Class_1
-3.003782675538354,-2.7201428821690805,2.081243150163844,1.5001743185114051,-0.6283834329829302,0.7638578856767444,0.8252766087639376,0.0956268492807179,-0.9705322141783552,0.4029478599143535,-2.016617979180059,Class_0
0.5749295661858972,0.6313489790071631,-0.6430769996625822,0.3067298663757251,0.0441912041364692,0.3275223319111276,-0.7354305541375274,-0.1068867702478661,0.1249229580336404,0.2163503229793779,0.5959253586970723,Class_1
0.797520548817098,0.2999955147268136,-0.5056072926286499,-1.2163299709335558,0.8559290594678581,-1.311127557749281,-1.229822602289048,-1.0489521824629318,0.7670672670685176,0.4045274748457108,-0.4315333515528379,Class_1
4.186785091899798,3.48714709786008,-2.734954555177184,-0.5509684324037257,0.5299323103893292,-0.63203089913019,0.2693134720210455,0.3809315934351241,-0.3638064925366832,0.529511759086702,2.9758403895294,Class_2
2.553862592008508,2.27448981744502,-1.7723140652348528,-0.4542455150664875,0.3145636595103116,0.1999879908664862,-0.4455558004144849,-0.6807278690322707,0.0521017363648773,-0.2746814289546182,2.324431798855948,Class_2
1.181936510584039,0.8701162853004982,-0.4173949993905932,-0.975821882803812,0.6412035176330946,-0.9382682614037088,0.3955205952209828,-0.3625171303424456,-0.0555876059628779,0.0828905614196164,1.3475080717672827,Class_2
4.38137205441319,3.910773152265136,-2.8306379750586803,3.777204552949712,-3.305873966208458,3.095023111614744,2.425021330541266,1.7492543289267053,-2.766589403562414,1.7432583748696906,2.1079476244998507,Class_2
-3.4837108839240725,-3.0479851781795757,2.6521610922234315,-0.0495756231731236,-0.0632410160687239,0.3145076441570146,-0.6416506581614815,-0.1982167834317816,0.47910510446974,0.142031029001139,-2.831372171376226,Class_0
-2.064483478786515,-1.652842732122848,1.3321881178299273,-0.1019930109511904,0.2077596103818658,-0.0648128352728802,0.7448100255171737,0.8732842271419325,-0.2774465701150523,0.042563496453918,-1.1052981554705403,Class_1
-2.705786639088749,-2.5607514112967764,1.869429450096065,-4.258150829227134,3.613960658733734,-3.3869090673688693,1.663273289939283,1.5138327368290057,-1.4801443472954352,0.1028845072263994,2.1392662954543598,Class_2
-1.035745872410102,-0.7202301709843686,0.5923000427894861,-1.8309484478190736,1.6152207625373731,-1.6270943708230918,0.1545992614475023,0.3001223306684567,-0.770904841678882,-0.2179085183162197,0.6661396785547485,Class_1
-4.263994728283367,-3.6333454806354895,2.755758201751931,-0.4751331903445149,0.5179197036488727,-0.4681296572338991,2.4798100250551,2.0709047927117408,-3.186259169365284,-0.435355963720803,-0.1808588029238784,Class_1
1.9158192602417825,1.6753203214647754,-1.2676911084937206,-1.104136079701157,1.177318853775526,-1.482042901155954,-0.636862695029632,-0.0223850376327319,0.2486228752818365,0.2086785243654316,2.344899436656322,Class_2
-0.791388593222192,-0.5733857595284172,0.1710226173907001,2.3223505001263502,-2.6140695327789905,1.7359684905029364,0.6436892120188398,-0.1661199468846418,-0.8838654550741072,-0.5057152019591512,-2.2148046968265835,Class_0
-4.517720222811196,-3.9402115020345607,2.8337070950512366,-0.1090587106709248,0.1914670153115489,-0.0217496610661618,-1.367068327264621,-1.4567880592101743,0.7395975613117819,-0.1455149294772155,-2.7857963395329577,Class_0
-3.271723114643056,-2.691223488974684,1.9665016427118107,2.570739829984656,-1.5668822131207745,2.159938563955833,-0.4930563208280341,-0.1417172305543682,1.0526543491266942,-0.7905147065262872,-4.432506658574981,Class_0
1.193696527383897,1.1295026783856716,-0.5443317860892463,-0.1941819122853728,-0.342285886740125,-0.2747942382116826,0.1443670531313995,-0.1782308475025479,-0.8252666565117964,0.1080118045343173,0.0116055872022982,Class_1
2.727516738627153,2.1457308053945727,-1.583983113391621,-0.5509260529530666,-0.2344017081226957,0.292484431987391,0.9742201614416898,0.7355509632107644,-1.0439764091295831,0.5841949441760275,2.535981465711684,Class_2
6.097679445920827,4.739539643887756,-4.109725479776614,-0.2185350089885079,1.147989838392946,0.0258114854401806,-0.0207992108714619,0.3350361569703426,0.5019175042826222,-0.2119148599109152,4.445122099365811,Class_2
9.13602658841075,7.360988236855498,-5.733951011506282,0.4419063982251393,0.1194707378195393,0.5341545665341749,0.7701600783168384,1.232451188072581,-1.2217743010779256,-2.008378436889316,7.077788191890191,Class_2
1.2053791605143107,0.9994950752913546,-0.8652346524216962,3.9399954061221374,-3.5078252052608554,2.7773902592284214,0.0943386736726512,0.2896478358766162,-0.0426274733383008,0.5903715440554717,-2.4575715606383977,Class_0
-2.3622618770734656,-1.6103336995186153,1.405152235092737,-4.532608590301408,4.428105469345373,-3.108912721319795,-0.0129496664113469,0.0338783984615878,0.3026323290152106,0.1201838427597603,2.130003070497417,Class_2
-6.441644725266571,-5.258834741492705,4.16715215507231,-3.4144897897246835,3.329770673229278,-2.835341459832444,2.5279121457360008,2.511586623418524,-2.802638614650014,-0.9932314500134598,1.25666534785073,Class_1
0.8541730573827107,0.5741224440929984,-0.3196251966591958,-1.0992239869992513,1.2504259482425342,-0.471781058190155,0.6206556437009234,0.1780077723100654,0.2446473578647421,0.7732702423232731,1.5215708453259038,Class_2
-2.51837886871902,-1.677345758829039,1.289521039295116,0.315046829367972,-0.0894388712988284,-0.4286991818923679,-0.4301046892361865,-0.6044285559101645,0.5790882575855054,-1.3984252007158473,-2.6909858232921664,Class_0
-1.171606668526995,-1.4986521922724243,0.8532527604424787,1.2448395828560963,-1.3741267194220446,0.9925460771571988,-0.5947520959927532,-0.8633215526932306,0.4606460253175627,1.045407615324468,-1.88270546208772,Class_0
-1.6691674116021753,-1.5066619585542458,1.5412458409566736,0.7917947442697058,-0.3688074658011804,0.6959868281615773,-1.2978839689080353,-0.9269834918806747,0.4854244128723836,-0.0573666196472128,-3.2388532178178293,Class_0
-0.4451559378597726,0.146629907629305,0.1294591822306743,-0.9717445608253312,0.8615630489827998,-0.6616813507482041,0.7464846791278423,1.8901817897032749,-0.9889878784385452,-2.2688650753773305,2.17472499356955,Class_2
3.553284661786454,2.6359007558791707,-2.13153064548975,1.419928702346231,-1.54238181660041,1.6839258604734977,-0.4048615197318945,-0.2550636832505015,-0.1614599257445991,0.1783295872632374,0.0052906174483848,Class_1
0.518975559262726,-0.0407038425486581,-0.5749003863362735,2.4465184842895358,-1.7238758218189318,1.7673259838026094,0.251948994326535,0.2947242349058564,-0.325611773150852,-0.406192368090936,-0.2690533820104134,Class_1
-0.4218074338940251,-0.4955665836993702,0.642715902410091,0.1756259308017261,-0.4646374534267475,0.4133767238822502,-0.0378874048635629,-0.3393500666065867,-0.2936138345620454,-0.5568492918231364,-0.7364002530716979,Class_1
-3.2887607973801787,-2.2255048718247696,2.0546409802523,1.6848835110471236,-1.549377304398852,1.3820560003027935,0.8057370374820952,1.0663725337187884,-0.3749922446413858,-0.7377257614562184,-2.1397265836189834,Class_0
-4.940349019202994,-4.0926899626807,3.358691257967517,0.1912990223804549,-0.1279968563724936,0.1514623672023994,-1.449153601109927,-0.4579607145302483,0.7280599472256999,-0.1272157908598727,-4.8031633122773805,Class_0
-1.4857291713818657,-1.4254838000614567,1.2434759112477862,-1.1842738845266525,1.0510908612644567,-0.4582094142196435,-1.121611426848078,-0.66107403566668,1.3419016459595634,-0.4851886811671413,-0.9814309176133988,Class_1
-0.2829955983224188,-0.3057670788405572,0.2398607805657372,1.924681371167932,-0.7155775288960565,1.1691317443148497,0.4574985663833226,0.2878240751648201,-0.8883638385751789,-1.8566902431883852,-0.5724778493060894,Class_1
5.148494859109976,4.279899716162253,-3.710985573659114,0.8493599004041706,0.0560425403189527,-0.1905951665717763,0.8014799918245451,0.9545393945366156,-0.6084524313887486,1.2720678866772048,4.1817461393995785,Class_2
0.9251762403699946,0.4159857746957137,-0.3900046277632348,-0.4955803692316511,0.061183040773407,-0.0657808694456379,0.4434362337456718,0.80795316044177,-0.8470496667517043,-0.2443576559618051,1.0749460401210955,Class_1
2.8955230830333654,2.7913978107923074,-1.8664927611414557,2.839572745586264,-2.5758704706358886,1.5992754710867851,-0.2996446798183509,-0.6152687884478769,0.7201397020351167,-0.7319350158782632,-1.135250376916891,Class_0
-1.7892838797737098,-0.9851332431480876,0.8737669860657161,-5.212051588108283,4.452740970062443,-3.6639284777885246,0.5632302966803141,0.5638914142821253,0.1392477034019563,-1.128423682545331,3.2621090558298462,Class_2
-3.694475591197589,-2.8483563705152792,1.946438870409944,-2.538867017955684,2.176459870608728,-2.1959592351488637,-0.3800590735320988,-0.3116464383401665,1.191116770701551,0.7707320674529213,-0.2142557312721662,Class_1
-2.9056638545923583,-2.7457030955953003,1.919585364736928,-2.288162788560562,2.109705108731285,-1.981669072185924,-0.9194561614323952,-0.8310349029316425,0.522327476132499,-1.298431969096525,-0.919486551591771,Class_1
-2.0663447870839624,-2.145048289837743,1.1544095968465444,-0.9174920933515616,0.7202251112262003,0.0097190950780268,-0.6891640004838313,-1.1367422844959327,2.317925641107481,0.1339873018579667,-1.374453446936699,Class_0
6.496368501650556,5.454487336391352,-3.933683114157584,-0.4874444153547545,0.3334691691988956,-0.7865661964887845,2.0547370384146544,1.1497223766328672,-1.797344059666561,-0.5836490018735813,5.570198278552124,Class_2
-2.328837127317853,-2.3898344725441887,1.6781308860014028,-3.1578768819684075,2.814489271602894,-2.013750938570754,0.642885367872066,-0.1264634404506439,-0.2306771422999396,-0.5254196605623322,1.227889399323981,Class_1
2.3864955498815688,2.039831254073712,-1.858013418821405,-1.4860422363091836,1.7796767052660207,-0.7123891921400839,1.3903772724389816,0.8755321475363558,-1.2785624959856066,-1.1035595309759,3.680985264689253,Class_2
-2.64069344556077,-2.1812803336710216,1.666127873241562,-1.557595502542329,1.781622588672057,-0.9142187514845144,1.684268060069376,0.7373247240418761,-1.4695016663158744,-0.6203194325216602,0.0890357231327806,Class_1
2.6195071458006165,2.044534033344938,-2.241025543323272,5.115795210426716,-4.224429651416886,3.67509756437962,3.024270121430241,2.3427879148141484,-3.63303007313482,0.0088123915068579,0.296782690164405,Class_1
1.030924301714787,0.706311831674942,-0.9897943095678272,2.803408652084424,-3.192989519669412,2.305688897822556,-2.20073396244787,-1.6236153317910484,1.9830590803375208,0.235312226348993,-3.227625746498765,Class_0
-0.6534554878743231,-0.4151250102871807,0.5165404358243206,-0.8435354390179418,0.3309850844417693,-1.0943458883315331,-0.4329469746098691,-0.6488241941611772,0.8346023403963218,-0.7855924812829784,-0.3377149328469578,Class_1
-0.359965349325956,0.0240062565424283,0.5278822813693463,-0.1022032928958875,1.1916667441565894,-0.6894180286953311,-0.3701842202587687,-0.6920188863262882,0.5547266729185435,-0.0909344024374139,0.7572777907468309,Class_1
-1.7515211885165696,-1.371589545970037,1.4548546934985724,-1.900569273365583,2.025999895367587,-1.964256252652309,-1.4441997074109478,-0.7926860790365631,1.3727243946714849,0.8884544309704219,0.2385526854256866,Class_1
1.475938944642019,1.2669438623978393,-0.910552910688367,-4.370387702226624,3.410368807696941,-3.1140370379732465,-1.348802822000654,-0.993675975799507,0.9585019831629678,-1.6626285569490726,3.037263673965839,Class_2
-1.169617367026714,-1.1190445521039014,0.8235750855507766,-0.3277881226221263,0.1076280809255269,-0.2895299890277214,-0.278174483755834,-0.4485001407006795,0.4603590695838318,-0.0062689735918594,-1.3559422236728176,Class_0
-3.668954678096885,-3.2505630978073827,2.259912364819224,-2.356159806263668,1.6496100730195853,-1.532564457376029,-1.6629662939775294,-1.4042211268159708,1.666486062926881,-0.9507839454021731,-2.3397280708489583,Class_0
-3.6784511831858286,-3.462570684760178,2.9678283285071867,0.3436294047848415,0.6159483713917748,0.042548384182839,1.3451707303947835,0.7341277005259126,-0.9618350878496278,-1.0526841721165314,-1.173659939476088,Class_0
0.1655058722378494,0.3037505222230118,-0.3829255758171139,-3.1271282134041822,3.2961838243940838,-2.8335374503770665,0.1555034830764677,-0.795233791620928,-0.3562338902412296,0.2610115129981006,2.28190054811625,Class_2
4.909891272840375,4.050212037271229,-2.735056546808369,-1.7542875845399464,1.5048720460317653,-1.3817470161119545,0.5525095213551665,0.3506397346834967,-0.5075871443136873,-0.5452514686675594,4.742896941172443,Class_2
0.5153988067213208,0.4841349605904314,-0.0412793252248642,0.3075015736678984,-0.2997788178743132,0.1670554139663778,1.0856145596691391,0.269395817720741,-0.3064399290307504,-1.2168031262351,0.683699702677572,Class_1
-0.2304930582998145,-0.8215713117059871,-0.1108826340494896,-0.0497904631526703,-0.4734418805069614,0.4808945789777619,0.5775228101764778,0.7102227627746035,-0.0948124324007309,1.3242831920699876,-0.459847391895983,Class_1
0.9334830786173512,0.5181460919394816,-0.7048427583569441,0.5094555264470562,-0.7293104312048143,1.2689562357077198,-0.0451196799417295,-0.9177851617490976,0.3243979110151024,0.9200895143318292,-0.8543846906557215,Class_1
3.720594194213097,3.566131242168601,-2.745812508248414,-2.6300448505661818,2.3198132959857376,-1.8994471687822057,1.8782791249272068,1.7091149258728588,-2.459846159956988,-1.932305956359169,5.897203362252896,Class_2
0.3585395490133596,0.5682600153606757,-0.4547342755488606,1.96307407080712,-1.437002537792112,0.717272161017544,0.0998557212802908,0.1700441112379855,-0.6069126402157731,-1.474428128002068,-0.928971200441966,Class_1
-1.3751925257378042,-1.3815703053600894,0.8097916110447236,-2.1828176293829027,1.3080337297996971,-1.0539540683474078,-1.815353535798855,-1.2482068332141316,2.180726864758088,0.5934570713186816,-1.4662711534134245,Class_0
3.431849586434249,3.3546770705492603,-1.613329601040149,1.1513692369038842,-1.063464967092122,1.1402691748713525,-0.5747718066835925,-0.7692641844714262,0.9837662908636026,-0.2848738330374696,1.1252501481863093,Class_1
1.4242875984199197,1.0646556630753423,-1.0729584518181787,0.2816283683192602,0.0804158955992383,-0.059752824812948,-2.397921872035776,-2.039847974472579,1.8049403828003097,1.5005746443549572,-0.5234944961080501,Class_1
4.333679520511604,3.935473469818332,-3.025717996859106,-3.188210995467877,2.658378304717684,-2.4892700846601423,-0.3351270995058906,-0.1793895212520872,-0.0566234944218414,0.6163363985410102,4.8880603853561455,Class_2
0.3534834381720755,0.557967282066049,-0.2431673259502516,-0.563640558727124,0.3834147810034556,0.1410225864879299,0.0808123032841832,0.2447958394162762,0.3546369712948026,0.2994655238539981,0.7968002740065301,Class_1
-3.818054232349669,-3.153071445841297,2.448623662547161,0.7505198350593362,-0.4446138298518195,0.1735862433422113,-0.8113243954464344,-0.901893074478739,0.2897760464176991,-1.0218626918254372,-3.0377462822087606,Class_0
-4.175938609790358,-3.6022914185695107,2.7583545140476016,1.7402448570561786,-1.3752311327394298,1.1507183429574752,2.3056801677784597,1.7783757938115146,-2.520881959204128,0.4914402948644716,-2.219335432311607,Class_0
4.680373630523218,4.657738576844609,-3.5108176433238167,-0.3510166528223285,0.0820082199135819,-0.1414641609942505,1.009341458787156,0.4904364056587095,-0.4311914870309606,-1.2757639547504669,4.403514657478613,Class_2
4.886586809121865,4.55996576936268,-3.4260342026460577,3.0120776016895845,-2.9158795208256185,2.507952028061999,0.6536771610899965,0.4991753013333951,-2.008998158344002,1.3052445334100689,1.094968407643803,Class_1
-0.7029246991293128,-0.2433137329293325,0.4613182258000757,2.2715094679225243,-2.1351349194879097,2.108666429938404,-1.9034584861447983,0.2403345739716732,0.7827095672716394,0.4221385890182419,-2.029511557340516,Class_0
-1.1323111961629622,-0.8138960049104167,0.8318947591262013,-0.911212833214309,0.766676094535254,-0.1884075693502669,-1.7194076438395671,-1.0643229859769303,0.6385355807011679,-0.8248305767575925,-1.1851855506232667,Class_0
4.148214008775908,3.402781383015084,-2.808848403701986,1.4339786623086317,-1.6409350047034392,0.9296502387401804,0.048148833204458,0.2130310129343783,0.4408172402000653,0.8046774281323147,1.803144089680687,Class_2
-3.3442977481248173,-2.4482316571736518,2.496612944214222,3.730869467124221,-3.690503174560738,3.2877875240770664,-0.5377606918064829,-0.1508140224007104,-0.3666809586346071,2.2415248891363357,-5.322883042379902,Class_0
-2.472470493639116,-2.447600711892503,1.976847346294521,3.879295657754524,-3.1522499682634564,2.7198420936590986,-2.3464380474562767,-1.4595812136032495,1.8176562777190104,-0.2176170998094508,-6.829155258034466,Class_0
1.6696244365844313,1.6791386862602724,-1.2723946666786017,-2.201477826956144,2.0392249749244,-1.7847545172454025,-0.7732070339170377,0.1860387181761934,0.1788887310331779,0.5504131896912926,2.1510718244245126,Class_2
-1.2251045202608768,-1.396360283515116,0.5548585753425236,-1.6868177767896493,1.6113167945414422,-1.8423789295412525,0.6728621021944451,-0.2225207401122849,-0.2536282625468207,-0.4318293196910016,0.2304587528404575,Class_1
0.1895857465899406,-0.5230193794620581,-0.1097573215020813,2.745232880909099,-2.9764625163958924,1.865729750532913,0.6078780389809144,-0.2155149752814292,0.0756048190868279,0.0853522176183452,-2.115904635856646,Class_0
-0.5739823736462997,-0.3290344456480027,0.282959566665542,-2.0755523406771106,2.1547912537945524,-1.5694362416037906,-1.399347335752839,-1.0901632790683582,0.9335736177506094,-1.5072345600314474,0.1291842381777586,Class_1
0.897989708225117,0.6416615551986068,-0.6246799313295777,-2.197949782353201,2.6345949131823416,-1.854981351934213,-0.5447387462902007,-0.9433431885489828,0.4246725263107468,-0.0005295135058651,1.4531085591363189,Class_2
4.4551447468024445,3.021412760459974,-2.9106302749273127,-1.2217979710372853,1.0968332064953183,-1.3251279139904308,-0.5963925250860962,0.2555448987845662,0.0228581320212608,0.0435773298306114,2.9482349083988737,Class_2
0.2105143049109271,0.3616146429911328,-0.3683164536403614,0.8840034530682752,-0.5951491285960713,0.804390643012111,-0.0147662124897471,-0.1398803571044161,-0.5039430954555761,1.7989977768447485,-0.5689468902725069,Class_1
2.152715384871687,2.139867175954842,-1.525517324377783,-0.2627416163037813,0.2063908052058164,-0.4403952017260487,1.4471376302430037,-0.4211325071077169,-1.1267842370138372,-1.7950031127033497,1.7525553011796382,Class_2
-6.064723224867628,-4.778040187932541,3.770108650250939,-1.3200287455622173,1.0137015166486705,-0.5279546251234799,1.1103520268504512,1.6789130470532334,-1.1646870664098463,-0.2808834591077793,-2.324260261614342,Class_0
-0.2147241363723211,-0.186125476141713,0.0504466631053221,-1.8376222101238384,0.9690916391043098,-1.1345062426753414,-0.4676322531275452,-0.5857510803995674,0.4464226997943038,1.2881172178310354,1.1947068829306668,Class_1
-2.433752704759108,-2.105864349057941,1.3925274521716813,-1.0014452725317562,1.669178373971377,-1.461773390961558,-0.924399142229508,-0.5090897940030343,-0.0694908417866861,-0.2417714957987563,-0.3582526818132209,Class_1
-3.592349278501677,-2.825106086863092,2.2375209840157777,-1.99132482758434,1.8125586131040736,-1.2927328477026756,0.9836625593071128,1.0502527083786015,-0.1774446747353978,-0.1713415329849976,0.2344941136632639,Class_1
-2.430280536585758,-1.91484891236315,1.677524359288641,4.871087345598183,-4.314930447257039,3.1017670655365386,-0.5722927813165857,0.4930635870947129,-0.3663103521220407,-0.8332590248821742,-5.502531774992195,Class_0
-1.11203942967544,-0.9211925314584548,0.4010634195233373,0.4086091599568565,-0.5235703976670585,0.8903974062799264,-0.6981594485233111,-0.4561150308137424,0.8674961318962235,-0.9326053802627576,-1.8898157949552323,Class_0
2.7559488404243635,2.2983007848211763,-1.7558546470122869,1.5858667132407491,-1.6862008258240333,1.3303241542436928,0.9301177347052232,0.2200849114493416,-0.7494771907665504,-1.825853765833152,1.4832238632077337,Class_2
-3.99148128913962,-3.240828092657776,2.800830048200265,-0.6142179610982075,0.5418762309023377,-0.7867030202610361,0.9110714774468018,0.2276933271893491,-0.8227110351559721,-0.6292152476441543,-1.3625165681384763,Class_0
0.2327241061112093,0.2150478115557516,-0.1711483891439146,-0.0737479733287204,0.3880174319212787,-0.0718046591532205,1.8954419618828744,1.0959633132543545,-0.5468447743932117,-0.9893550551121234,1.8039404084194628,Class_2
-1.6575441388895706,-1.243692693836763,0.8809334051451566,-1.364508193051515,1.1597493671948802,-1.422062575775635,2.6147960016519765,1.7456127256777982,-2.076761637742722,0.1180388336570735,1.628205545821647,Class_2
-0.7796238734383114,-0.8492040471720882,0.7628321427517372,-5.075071504896508,4.487314002965857,-4.428766281743783,-1.6045151715431325,-0.6575643615091861,0.5347811521695601,-0.7876682024237316,3.41868550774573,Class_2
3.101539230347896,2.851852645700107,-2.148314670056144,-2.8425843877726527,2.0366769320836307,-1.9240908624672264,0.8540725127073353,-0.1799960437884262,-0.628911983554347,-0.4795909850485067,4.605006190313359,Class_2
1.350961296285189,1.6476687681205366,-1.2327776563273112,-3.623747648276456,2.789972573903009,-3.100812767773675,-0.5557702937990141,0.018253046695571,0.6898641058124004,-0.45220539305766,4.331689364552863,Class_2
4.253846887424331,3.462847911965881,-2.4354965192482294,-4.69805487364236,3.9381829620045017,-3.759679220739721,0.3977639904313275,-0.8231502098104438,0.8153958288652213,-0.0481651822903721,5.765077222640045,Class_2
-0.0166984215901551,0.0435130693809809,0.4858489062423584,-2.119498463806128,2.1261176626091105,-1.5001738505198436,-0.7191844241178857,-0.4002698193709311,0.3443493147974575,-0.528522256404841,0.9158863442751084,Class_1
-1.8874610411022277,-1.836467969733362,1.51219522381019,2.441887359413056,-2.6475104659356306,2.171205957566825,-1.9841548427228115,-1.272443464999946,1.343189878482756,-1.061786089937132,-4.720395073782388,Class_0
-0.3861794971962046,-0.1539036800439037,0.6328465580398176,0.3566745680726469,0.2752069301650062,-0.5054945914150506,-0.0525314366355299,0.8728758590992465,-0.231543805644373,0.0857664439478383,-1.0598658972062178,Class_1
0.7445646501341824,0.7418708390619415,-0.8804493276159158,2.4863772741464008,-2.3426787347130023,1.7191480284522935,-0.9354319077216204,-0.6885282350215024,1.3348939743610972,1.067483216264611,-1.3296519608298818,Class_0
0.197419091413431,1.259189926687925,-0.0823796075488005,0.8281177230066509,-0.5667030452419806,0.300167820770101,0.1865593216426627,-0.2996736081855691,-0.6095137082145116,0.1284661957907744,0.1781612905758151,Class_1
-3.6219883069336047,-3.009090662279036,2.247188567783481,1.7927360576266187,-1.4634791233435989,1.7955499928869418,-1.3209139905872342,-0.7349284411644956,0.0868000859131887,-0.6098204382386221,-4.150362778439024,Class_0
0.3224857536571743,0.0538881410153501,0.0211767135453985,-1.7946346642522757,1.3854793009861035,-1.0342418433071496,-1.4131659980845657,-1.1208124312662422,2.07662997105364,-0.1231464050936249,1.3048946332671243,Class_2
0.5662892288707193,0.6752702823973998,-0.3790243044545378,0.9585294140997486,-0.9088764462052232,0.6386307351871603,-0.0271110967187606,0.384751671847367,-0.1327788816465573,-2.050632770356539,-0.4572149060832555,Class_1
7.36950685693629,6.392993607079549,-5.0251631101318095,1.4484214338061503,-1.6904879749393191,1.2947394923817412,-0.304913978661754,0.1465861988159208,0.0157516428802786,-0.1394027495388647,3.143546711173881,Class_2
5.617984497051276,5.17964627424793,-3.808751065035751,-0.8851490784001107,1.1997966822116417,-1.3396361034263295,0.3682136846019606,0.0173750937677821,-0.7192525705330235,-0.4003543690904729,5.5857706144174335,Class_2
-2.4366129941042023,-2.3002020472219336,1.7799155764948813,0.9202250745913212,-1.2883174290630397,0.603884403007927,2.163046666622974,1.3129800744982552,-2.2181361735721787,-0.9334603580065122,-1.4363863604657878,Class_0
-1.1527015939999576,-0.4922287741994692,0.5124171413174418,1.0945044149676864,-0.7436682074746646,0.8859837809419095,0.1646854723528086,0.3547238591429685,-0.910700837668326,-0.752098352331968,-1.3001044688039158,Class_0
-4.480101529567087,-3.367989253422009,3.1004592236870288,-1.096019224058923,0.8876579941615748,-0.6660481694940548,0.7550880826643217,0.9898194067854122,-0.8699581705146345,-0.4102345015396468,-1.6114281379356985,Class_0
-1.4701469052663962,-1.3006055768535545,0.8641226990165328,-1.986161305883693,2.339743232980766,-1.718263342336198,-1.2447894529696053,-0.9380660423599052,1.2273806155631002,0.9924582760064908,-0.1665777702449597,Class_1
0.7317573347267465,0.5487634234947713,-0.7395251795395366,-2.3982102759579758,1.794644040840396,-1.6893877690974293,-0.7545510179793891,-0.8328977549146543,0.5072418274299153,1.0920604167800927,1.802077080700888,Class_2
3.791513100097692,3.3665737535341336,-2.002742592081138,0.7155008121910402,-0.3590408856772773,0.1571760738657868,1.0152141306400333,1.8296701637774408,-1.862119436976359,-0.9281251615578108,3.838638199446698,Class_2
-2.2841976655406246,-1.5153783615301677,1.3329515827727385,0.6070581642641011,-0.4743372797661955,0.4332627124761611,-0.9204393494342892,-0.724415063622106,0.8701620097928713,-0.5180773732433935,-2.412520039336819,Class_0
-1.853280568233399,-1.485469970221897,1.2605561355228976,-1.656356752437413,1.777695622852273,-1.2924397029536845,-1.2501647903526296,-1.2653462594663412,1.0272623858353618,-0.4925899572885781,-1.3500352826518809,Class_0
-6.222401587775392,-5.317135652544399,4.118061872807295,0.0018610461668777,0.4521290581074991,-0.1093146934480765,0.2793494314889231,0.042934204923328,-0.1774239097901842,0.8095455155501244,-4.218613429805871,Class_0
-0.3397414082377186,-0.3501377988511763,0.3925009756669801,0.7460816436795678,-1.0145568159450118,0.936983682227734,0.1783551856712975,0.4016559830005427,-0.2991451156346716,0.1455065526316168,-2.006066311024507,Class_0
-3.0054113151359143,-2.675719977708752,1.9775758456906871,0.9253633753029962,-0.5614195971615148,1.071071528217761,-1.149004507786021,-0.6002996359589968,0.2639444169792529,0.0927898626410417,-2.993051251645296,Class_0
-1.8186369887798128,-1.1634022848520238,1.0217566677707377,2.944560173323249,-2.8802835811681087,2.3972458887453247,-0.2969073485130177,0.0248222402896722,0.3933693594513748,0.5362626134211896,-4.331960021795472,Class_0
-2.4078503931545048,-2.184368232182726,1.9234948635421905,2.894710619051126,-1.9689352112475864,1.5029622807966942,1.1776231760127314,0.9214196492083636,-1.472362884133612,-0.5964134084109316,-2.8589121498903305,Class_0
-0.4533262856846349,-0.4477876294695527,0.0487724247421507,-2.012520683321691,1.5196702798739878,-1.851561897034932,-0.7217203388563754,-0.8063357518468107,0.3364803510875063,1.3638865743540574,0.0091800340508721,Class_1
-5.221276820955587,-4.656468889598476,3.673179006566307,3.221779162191333,-2.9043950251094643,2.664987946388857,-2.423957402088486,-1.3017961602897017,1.5580530979362972,-0.0017446574202015,-7.52085722744606,Class_0
-4.349486498773526,-3.8556221768905496,3.0985363538940525,-0.6939925854294509,0.2532497959433529,-0.2813791015987649,1.4418429205394776,0.8277990577950947,-1.154833061018854,-0.8559124461919132,-1.3768366295125496,Class_0
6.48476584785881,5.378650840708109,-4.047503005112738,2.5550987647765333,-2.217248365913907,1.6206546302272056,0.5814869166312,0.9102505471491766,-0.7259361837966865,-0.2296402437978399,2.820643485667383,Class_2
-3.794876408610055,-3.225295412293879,2.60295336153167,0.5125879903745059,0.0176271125322695,-0.0421040052903146,-0.9394471599108294,-1.4973362499190626,-0.1801874720094524,1.231928324207872,-2.6011168690708137,Class_0
-3.459118731068864,-2.688127997814412,2.8418229723046364,-1.0802257560844826,0.3481372255623846,-0.5397049082804799,-1.991613699130992,-1.411734992681491,2.013490722662767,-0.4251421359837722,-2.727630194143964,Class_0
5.240767102504799,4.7174871041898125,-3.462920317334212,-3.763968305607962,3.3819392308316347,-3.109432787542099,-0.957226521561628,-0.7019595710726485,0.3258652760387674,0.9495577990448316,5.55821879653988,Class_2
8.889671243713574,7.105837691621797,-5.745158813599448,0.2009918006617192,0.5807535546331357,0.2007833394632399,0.4532761799730749,-0.5978344497420037,0.085482982470695,-0.6253457927715216,5.956926589338896,Class_2
-3.4775329709722422,-2.562501529977017,2.1679483748343364,-3.0464245630112115,2.656493765734613,-2.2737669023806037,2.692203973159988,1.3178117675304233,-1.6055466762452784,-0.7656636967773063,1.5383294957427531,Class_2
-0.8748715021725282,-0.987550098731945,0.7170860884012329,1.854310352216721,-2.031824511219249,1.2166388291404666,-0.7559500401834355,-1.222723854160661,0.9847495653374284,0.6595974105942919,-2.562276905593712,Class_0
1.0157200659839551,0.7455321311558966,-0.3978457065010123,3.249089702677747,-2.8724827676070683,2.2168105725763656,-0.3275541721696706,-0.2188809531015899,0.5538888663625853,-0.8739725606457408,-2.229079236044737,Class_0
4.905060061081385,4.442340670347094,-3.115488365685931,-1.2916322583859468,1.1446960849787868,-1.3798291651673007,1.0620863215879892,1.3471429570070257,-0.5300118455630383,0.8225402501616955,4.852551643602336,Class_2
-2.767345299083891,-2.926270246664361,2.2693799769445206,0.4325066137600629,-0.5739114039394634,0.9120406056647984,-2.588189141723311,-1.739151146294106,3.071410052649901,0.3516259990233494,-4.094289233390732,Class_0
-0.8099076597585506,-0.8108282272860042,0.6475941532301435,-1.3849510564299714,1.3363319270807803,-1.1588713143184337,0.8704791125477915,1.1602023268030563,-1.0050105868841606,-0.8735939344675919,1.6012438184923832,Class_2
2.400413419669436,2.1886121398273186,-1.8058071933826023,-0.9790014395084616,1.0394694773171789,-0.888349084064727,-1.9232604055359972,-0.911894741128032,1.4591530631633935,-0.071442743994334,1.0262510188641412,Class_1
1.1748063377039522,0.6525597039010188,-0.7720997853681033,1.2009032639427868,-0.8917826949016219,1.3625463156260091,0.373082220581606,0.232923935133104,-1.0776506428930992,-0.5487742905595374,0.3479497825540396,Class_1
-0.7996078716435595,-0.6609966288419592,0.504031666849599,-0.073372886458983,-0.14645227458795,-0.3170757040827084,0.6191028206134668,1.02176574079771,-0.3983614621184401,0.3489765566690596,-0.9425953000996824,Class_1
-0.5767818583847628,0.0432267302996808,-0.0298483096440694,3.1449791879468085,-2.7139365216992277,2.6772703760438223,0.6567803627160423,1.2969948048935562,-1.2830086033496728,1.8877982449554196,-1.3575354918293532,Class_0
-4.19217337593118,-3.529603355380892,2.797623353655412,-1.2595391064838852,0.5556466907716238,-0.6272962687664081,0.3727501100104859,0.1960119772180852,-0.1165508908421042,-0.3707046028874223,-1.3209788158459392,Class_0
-0.6930314913845325,-0.5224811680800855,0.5809873774032805,1.829742641704887,-1.776972127471616,0.9550769113545164,-2.623687906479814,-2.699602353844045,2.412527809740208,0.533776273858507,-4.44314660536791,Class_0
-1.017598935444257,-0.3861969538096311,0.7134503997140712,0.337962687279405,0.1795874792404132,0.2345638905088364,-0.9250456512789575,-0.4795661216446845,0.9692009754940396,0.0244406416675159,-1.5712568479110822,Class_0
0.7626135745962869,0.46372742705476,-0.3649125311752931,1.494949230897026,-1.0929932718636244,1.177650291886251,0.7323556034635342,0.1020369644665742,-0.0617227050547071,0.0240577030631802,-0.8919934391455258,Class_1
-1.34359956096355,-1.1713741669159947,1.2169716347865818,-1.088840752150415,0.6788064138838336,-0.6252482837543213,-0.7985228449742817,-0.7470571642862753,0.6775479388440566,-0.1652051207315238,-0.5159634998877761,Class_1
1.3165231354966749,1.0110591075801798,-1.140007562088753,-0.0836513061056776,0.2557268236142523,-0.0618678566056757,1.5139988490879068,0.6012841230657262,-0.5788694356549009,-0.857417446351554,1.2975154362168233,Class_2
3.1171760172658307,2.4123889712162767,-2.0464269725765902,-0.5750865770777984,0.3342517078373503,-0.0825388634158734,0.3320428893758145,0.6028190359781266,-0.5371884317594173,0.335139949282455,2.257428742432932,Class_2
-0.083599094202313,0.1887392030899216,-0.6122820124638297,-1.5434732643414013,1.342921053144595,-0.7860155432820254,-0.0815234038156894,0.7598725329976992,-1.3512429637276568,-0.2887417499193885,1.354576143638068,Class_2
1.0474833851006422,0.9650528207967096,-1.104186642678446,1.6635790977509983,-1.0069617811027327,0.5802947076428406,-0.280695042864281,-0.016151362466656,-0.4099053363676649,-0.904800083738726,-0.1865177719188635,Class_1
0.096857585548361,0.4223806320860558,0.0418178468128801,1.2767367988603249,-0.6117005584253439,0.8556201909423993,-2.66938798464298,-1.905008918625968,1.1176329743827176,1.0141732622482986,-2.2030139898261143,Class_0
-0.1634463412078344,-0.0458172503007556,-0.1507936649410201,1.126314691821071,-0.9268882513112308,1.1236485624953427,-0.5620797642437324,-0.1567952181996536,0.8154233637936324,0.0990096227023429,-1.2017794766568597,Class_0
-1.948384006702836,-2.1217073738352195,1.6176157675143057,3.18596341379996,-2.5966312633305595,2.473772534581236,0.4701510261848795,0.1755693002710999,-0.1885381878373563,-0.2280989573432392,-3.280104099970768,Class_0
0.8842340486951585,0.520558948611566,-0.4113190077706082,2.2901487768231434,-2.407174148765134,2.3348091455241846,-1.3868463879035455,-1.1545552765678184,1.5582230073652386,1.340056614746298,-2.7228460543107387,Class_0
-0.3273552926591859,-0.1445666406910885,0.0707097319023394,-0.5888441427189105,0.2366074595219015,0.4013349907119649,0.4205652632671798,0.3552386944608675,-0.9653469374162112,-1.8360815355329976,0.9648598009315572,Class_1
6.20406635183397,5.693949875675054,-4.0682743989501295,1.6766703779918153,-0.5334267712196341,0.7745259110921143,1.2631344177526418,1.2699437386630823,-1.2246516900079014,1.2728208037290885,5.6227255605159,Class_2
4.336701533072712,4.031818506016705,-3.278941150673213,-1.2840042448508415,0.8174533682132246,-0.5395728051980603,0.0253055256481432,0.001951323444514,-0.1879727309903511,-0.8801879491362172,4.77088798024805,Class_2
0.93114236965411,0.8678922437284389,-1.1408688800383664,0.0109731221142117,-0.2190056512155397,-0.0724422464265447,-3.2350698912729694,-2.208424607455455,3.947637574122698,0.2115325394155197,-1.858567987588667,Class_0
-2.096952931860259,-1.716097032524348,1.5507763002780268,-0.9764167982078245,1.7281315427705075,-1.2471435045423458,-1.6058549362654868,-0.4368855783658791,2.0834284500318043,-0.5880637541207111,-1.9106468094313007,Class_0
-3.759224545326248,-2.8409033388552314,2.130648168023684,3.733740418731491,-2.992105039342535,2.320094363472305,1.877568021120662,1.402082587958694,-1.757284678475145,-0.9230010404524238,-4.57619677957183,Class_0
3.4201657893434545,2.883286078381111,-2.4703037082951567,1.0198866540161662,-0.8767089019056014,0.7947332854846356,-1.330929572371408,-1.6602821396043137,0.7335994622526163,1.3138865259684347,1.9338555227329328,Class_2
0.7083036641834627,0.4172582864440304,-0.1304298267251719,-1.0827403197839094,0.7382272042583775,-0.1846539429664218,-2.449815640334144,-1.3679250835075871,2.716710624521946,1.8562165673952848,-0.3414697591648802,Class_1
1.7891545836331455,1.552470719540616,-1.265458203329756,2.556256795011578,-2.4328165301941915,1.931565837494173,0.9746150374272776,0.9749338905351888,-1.461109110001123,-0.2212256506510785,-0.113857124991372,Class_1
-5.080037207823304,-4.996266946809397,3.56574620102268,-3.5696517760183206,3.772881994374838,-3.330943650072112,-0.5239580317495038,-0.334454532863491,-0.1710677628909581,0.3354747021942949,-0.9384182274588936,Class_1
2.6708813392639223,2.5180610039652693,-2.053838410545312,-3.84147287570274,4.000100321153371,-3.151984808882476,1.5369115104080653,0.7589591976007657,-1.2670433860990225,0.0569912516624999,5.1823495249856135,Class_2
1.624163754066199,1.0201146110865231,-0.7271883945752611,1.245296736458023,-1.4196793098032052,1.1308079473270136,-0.3787176142021184,0.083337279151017,-0.696140290509133,1.7305068373528552,0.1588485650142686,Class_1
-3.479395217343658,-2.878661893899098,2.280547616063969,0.2054857835603203,-0.5773223201492212,0.3442690797338766,1.1151483147877674,0.931580458868448,-0.5744187955820308,-2.1131504474535348,-1.98938709886653,Class_0
-1.2127544616030457,-0.7557332295954193,1.0189184847360206,0.1166864251192011,-0.2876064561725834,0.6699240502507873,0.499497651015636,0.3906728186700707,-0.8462733899995444,0.37712344127022,-0.682515658315785,Class_1
0.5193761638849557,0.4807602378412861,-0.7164123322334911,-2.28295109985644,2.268573221359435,-2.341778732362753,0.8194489218952156,1.1411789327721542,-0.3572340155532687,-0.7271263141439335,3.118240782411754,Class_2
0.3720519614265623,-0.0388502926164934,-0.258051179370152,-0.33323219810911,0.5037761254897327,0.2319693295254579,2.3190101620470838,2.247375451411887,-2.287698536998501,-2.355964021471179,2.4451079378911573,Class_2
-0.9577402865048622,-0.76302652423877,0.7697924730762873,4.029291911210291,-3.788173023012656,2.777511684837332,1.4709565216882008,0.7502134127830755,-0.4962820105359767,-0.360530097429241,-2.628013848245649,Class_0
-0.5161656523861365,-0.1552588237118425,0.5611360804774342,1.3910652389941711,-1.1681915235147755,1.400422007838163,-1.8975691548536,-1.5784482673446845,1.0866601284644126,1.8480487909105527,-2.293149730021804,Class_0
-0.799360857235919,-0.7404073910904309,0.6000163198586081,0.1754786730212269,0.2272376284526524,0.1873718078523473,0.2615551612383632,0.6266388640508536,0.2693511119620353,-0.6560491904004003,-1.4460270673658346,Class_0
0.5131563722514487,-0.0120584523777999,-0.4846091683592237,-0.4322626264517268,0.5350140710454168,-0.1105548729237619,1.4497068003844968,1.3555029430259795,-1.884619010430916,0.7907655065646109,1.259717718596188,Class_2
4.315526232874329,3.462305387262451,-2.8751962414939003,-0.7581085542706785,0.6522672271374511,-0.7381853979474917,0.7701267856676229,1.481147800162879,-1.8022941172230431,1.1986721970633665,4.314828034075508,Class_2
-7.589184621594828,-6.0963126382121136,5.618811290730117,-4.426156520517751,3.9491437828033673,-3.131282689486852,-1.1660568322905749,-0.4885598893034868,0.2209368626197735,-0.0126968026195224,-1.7410196420597277,Class_0
-0.8271495702618662,-0.5734314639903327,0.4941850911631508,0.1717124505763043,-0.7209564834243414,0.5987682365275405,0.9498589001053218,1.1185323432311038,-0.7583506129189947,0.1204556184112918,1.0120592587832626,Class_1
0.6536117429036126,0.554052874357073,-0.060656670866174,1.1294557710438768,-1.440781111254988,0.9623390651797722,1.2531017865053318,1.0685843232982153,-0.9302872406148964,-1.7162979065411117,-0.2551237915303618,Class_1
0.9764263814686184,0.6746296724244893,-0.7400538525419414,-3.5266228443980365,2.7686387026553096,-2.3889289601553534,3.085717595641224,2.1616796828980123,-2.9273008808753325,-0.7161638631726466,4.707640887761816,Class_2
-1.1279283549054566,-1.094660877346542,0.7354119523153023,-1.2892460121803186,1.1170301346742593,-1.085430048078322,-0.4804103772759127,-1.1289775761447671,0.5079509360152985,0.907007624329996,-1.3291894853100663,Class_0
-5.358441809908938,-3.9724120937276033,3.6373566061822737,-2.020859133850045,2.098117855832593,-1.916031667542224,-0.976876632547941,-0.779168945441232,0.0077665737761878,0.0606790970370676,-1.7513851956907902,Class_0
1.014294610295382,0.772940745022504,-0.5765253057756464,-2.098807837344187,1.7590115653293437,-1.6019298427322792,-0.1374757219594079,-0.3719213206331527,0.7897818827831535,0.3673414414436821,1.5840272332761631,Class_2
5.292101391099295,4.207533065528681,-3.607978164350602,0.5781263338595048,-0.0471026975566083,0.4694275495807283,-0.6338148010046428,-0.1763170793467773,0.8587000694621088,0.1331575796830509,4.461467602743577,Class_2
-4.189224384202091,-3.5606179207015094,2.905819318406156,-4.384054436645417,3.572275975342219,-3.336095989648828,-1.445242977612695,-0.2974276765584019,1.5200029755769036,2.1920039442964314,-1.0228381371777029,Class_1
2.779368125454201,1.9789799445286245,-1.529999146775845,1.1571373598501642,-1.2722383063476412,1.119648416470658,-3.161087538523324,-3.0288268386002173,3.1976703070335675,-0.4305198311886011,-0.3512524862478818,Class_1
-0.7903776794055134,-0.969994893750734,0.8953606087758168,1.1838371237661889,-1.3925154025280773,1.240890855611424,-0.548044111765854,-0.6301675319228137,-0.5786715623267663,1.6054100429863098,-1.761408938331085,Class_0
0.4337294014855148,-0.1507491935678937,0.4250774032820786,-0.2049766557034682,0.4385573660957039,-0.8655969225766802,0.1915819939817258,0.1892772549046133,-0.9041270387424758,0.1335032222067324,0.0353594384969143,Class_1
-3.055503836758278,-2.632178750737828,2.4665831180584714,-4.332163835755713,4.33362051598819,-3.539353461527558,-0.5750665797494561,-0.1260128480326621,0.7284925523951853,1.694198974580798,1.3367601614859792,Class_2
-0.9064398148052896,-0.771237593913888,0.6958362319762726,-2.521382340285639,1.8907354194301067,-1.9893575624187771,2.270645265859975,1.5305988510207986,-2.276806111976429,-1.2249780892581503,2.759710804390352,Class_2
4.040936798961207,3.773028759096268,-2.6623290382442355,2.361955247614984,-2.763652005987413,2.069185041011851,-0.0454242521479659,-0.1598547025347124,-0.2382501807586995,0.1846522076308607,0.6488108421582707,Class_1
1.5461725304454703,1.5407001665573603,-0.8951122962197202,-5.176554607342134,4.781249827638745,-4.344508496188656,1.3841976062566428,0.5971291188056325,-1.8614226666583609,-0.3936867839234699,6.78411650449173,Class_2
5.108154488946082,3.73626552283716,-3.322009354449571,-1.129130480814719,0.5415637940874783,-0.5183565796505206,-0.208274920281493,0.4286412978462751,0.0914733729628509,0.1394723358500393,4.603023238968471,Class_2
3.4310018135946145,3.0251044583021245,-2.5513148296889057,-2.1899963848431923,1.867166845131885,-2.222999150070107,1.0215949382298584,0.6792069490653103,-0.7265709859168608,1.222376262666128,5.084120043867947,Class_2
1.446782832232641,1.10718669594634,-1.0849004909629347,1.9755822632319444,-0.9594671384100386,1.2496892656389404,0.0140041152317088,-0.0103006154516325,-0.1066892201636694,0.3788096053579454,-0.1135255353950053,Class_1
5.196968666059137,4.370698821507345,-3.3894830120643222,-1.3267592599798717,1.220863667875716,-0.6882382819254751,1.234410011226648,1.128100878920368,-1.759103994607942,1.220382690026938,5.008097641420564,Class_2
1.344624161309757,1.1589697241947896,-0.9134412497733976,0.9729869627532628,-0.6740863338563299,0.3234931312955,-0.0291527174821619,0.5011436158916659,0.008981818414283,-0.6702210932739453,0.278414078741484,Class_1
2.701455454420869,2.062800870073948,-1.6612623445422574,1.6591915541764684,-1.1627979668940058,0.6356821486032358,0.8889554673754142,0.0445538739519699,-1.0808387493762568,-0.8228344575237161,1.2927146231694284,Class_2
-0.7170827128632974,-0.7545804071006181,0.8076485800114557,4.256979645690384,-3.309940187625924,2.9134561178436518,0.513844923456445,-0.0069642121563991,-0.4548974193535255,0.0161050731372661,-3.992439755263324,Class_0
0.167293246969365,0.3196255920907086,0.0187157972785975,-0.4244740512610853,0.0007194593248462,-0.1365465022366266,-0.5583994330958182,0.2414440666716614,-0.6940578274971928,-0.0386521783910853,0.2914938387252818,Class_1
-2.226270489276475,-1.8790797575493172,1.66082229628424,0.5923753844554527,-0.7278249761492225,-0.2878962000090603,0.2574403595624691,0.3947940182397522,-1.0727270064709666,-0.1858593688241927,-1.6833289782998009,Class_0
3.1958067501151968,2.2370382525773387,-2.3654750904643795,-3.246104991576981,2.391997333850658,-1.5221909913671836,2.935588800312725,2.278849260262681,-2.586749608518255,-0.9586317256706854,5.345947049446528,Class_2
-3.380132633162624,-2.1898136946315665,2.407286829673972,2.6739163717161016,-2.225965489355588,1.970614064182532,-1.2831706382934265,-0.0826564838836231,1.247483894814959,1.1986515898518884,-4.52504834019258,Class_0
2.0257996635939075,1.776911495098845,-1.4257629803558811,-1.93255036348002,0.6009409566377074,-0.8968417402485104,0.8223038671036901,0.3633845826503441,-1.181708611508519,-0.3628372006334877,2.885112697807819,Class_2
-0.6345839602971346,-0.4515919156478795,0.075984943672782,-1.197280539572852,0.6709565328248843,-0.8913704024633243,0.7597284310711957,0.992681408123076,-1.8809890829723324,1.426078122212682,2.431099558563563,Class_2
3.5468443728053107,2.5542026709494565,-2.473473315196633,-0.0136886584120816,0.4792239520828793,-0.6827454202671017,0.802140773803944,1.3588511618433798,-1.1675686903615845,0.0127433652040581,3.398127677052563,Class_2
2.408372909617986,1.9062895755910048,-1.6698350099283037,-3.276669444495325,3.062311146343992,-2.1081737965721903,-0.1916466312420519,0.4754794030718908,0.6948811029145394,0.6484289308140446,4.373460255305085,Class_2
5.643958771928359,4.31830900644467,-3.63695268108162,0.5414861373636132,-0.016074251297519,0.1453392335125968,-1.992016786376496,-1.711374493855187,2.702596572048328,0.5577096429636826,1.3325186572889824,Class_2
2.249105273651029,1.7163184921341093,-1.1359785885384768,2.704286541337849,-1.3251229103637423,1.6415755023516851,1.2910111263838662,-0.0091561166754539,-0.2875163595916503,-0.8242747403508524,-0.5132460306089955,Class_1
-4.599071260687952,-3.6688344726903206,3.548598392239461,0.5493880698906204,-0.3253846550457816,0.3628203606539823,-2.380774008028809,-1.4755624256230158,2.3063801842147678,0.3672029215524889,-5.022889729040049,Class_0
-0.1880321582189718,-0.0493805401509836,-0.0289511648182548,-3.308416816585667,2.7241550099079648,-2.3000325635773557,1.9065416284476573,1.17976940616805,-1.821179589611105,1.928332944467106,3.0962964204309,Class_2
-3.65079191542056,-2.787915600343335,2.4493258352883465,0.0569809586552366,-0.0883185540862995,-0.4569626749877249,-0.5415421417730772,-0.1494853309439992,-0.153547517485484,0.2516122531003567,-2.190521411734489,Class_0
-1.6070924053070748,-1.7385008155136523,1.1483192551610124,1.5559328992026378,-0.9916286437281744,1.415579484406862,1.2623120889986663,0.8319755391774007,-1.3629571781096297,0.9012767395596748,-1.8763494478619296,Class_0
4.537483537158186,4.237294875649058,-2.9449317122504937,-3.3241768005684027,3.3997501710548512,-3.232915812759047,-1.30222197324125,-0.4794486502634532,1.2820299874862544,0.6932718445921852,5.154135036918144,Class_2
1.90566558268937,1.2958641995087712,-1.1952716948475453,-2.1001257416895123,2.6827856697864574,-0.8261997218578546,-2.189676701409154,-1.181071052358824,1.0652494610518262,0.307049658364987,2.177799844693146,Class_2
-2.473905866624933,-1.3651858678733997,1.4586093576477583,1.67856024577173,-1.687307880149962,2.0980974283677343,0.3748264969592643,0.1325243809853433,0.0691649904714495,0.1864787177247465,-2.037703701729526,Class_0
-3.120648766307083,-2.2789074496056254,2.364948757042081,0.0050734019662065,0.1056969748790281,0.9765880062092084,-0.2287681317260499,0.3048232507906621,0.052688988872857,0.5473155591213005,-1.666365882249059,Class_0
0.1095874092466127,0.226288417636822,0.1549291171210899,0.3380227561099856,-0.7885863850368835,1.0643750182112093,-0.2421291730010585,-0.3864425112376751,0.4548065613325369,0.7632825464756129,-0.0816461193862861,Class_1
-3.7059544465245233,-3.2551465686799146,2.221089519242602,3.1682800081184923,-2.9462760745443504,2.759650286053193,-0.6727883701657505,-0.1529934335562623,-0.7503212328806089,-1.352164057051073,-6.177570600740124,Class_0
-2.0627855912920605,-1.639953232286572,1.501424770969272,1.050907306897677,-0.3343874801414281,1.1111205147708267,3.3509276393771046,2.2074781896456366,-3.4360949500346343,0.2473028890964548,-0.4279712893912238,Class_1
1.0336266888146493,0.6622933262168946,-0.4455442682001973,0.9071011769061208,-1.4910833972339366,0.9531702412531244,0.6497917674372519,0.9151669304008,-0.4385175128526921,-0.1840778807473171,-0.5992884238153116,Class_1
3.2501446709103616,2.895539983143064,-2.2476306147830347,5.798164264212467,-5.024841372480248,3.522387151041632,1.095543995469705,0.9115416509507464,-1.237888065662997,-0.3915268436517085,-0.5999301287286469,Class_1
1.500675973883077,1.4594356157897097,-0.9912380703483336,-0.4185351467241953,0.074954436853324,0.2054136577750047,1.1345748376557232,0.2093411410325656,-0.8169711943595628,1.2959643790285733,1.866838402927724,Class_2
-6.943502483961636,-6.237876398138352,4.620193824056007,-1.669021602967491,1.0672056280358242,-0.8017355834048658,1.3284314275786049,1.6703805266947749,-1.979221163563551,-0.7331462480638534,-2.4467753226086675,Class_0
1.0659230681911374,1.0413628603217966,-0.5686399138452695,0.6024362739329641,-0.5699134616873539,0.6307259096912967,-0.1623931517559079,-0.3631745170604386,0.197456985700639,-1.3947690603100018,-0.2933171935945031,Class_1
0.5536113275950615,0.1598071439441045,-0.1198190375297471,1.0646596832588515,-0.8491723639747173,0.2296720540174397,-2.550648851294058,-1.2124373177122467,1.7113766191948316,0.7957162253858544,-1.9669430997130453,Class_0
1.3980965039370272,0.9135256135561736,-1.23142938790532,-1.2947801297551398,0.9637976024602156,-0.9952433247219532,-0.4905381056779672,-0.7309235137672931,0.2473976480217656,-1.4203938565538892,0.7243242282566625,Class_1
4.554976292979853,3.900442395920576,-3.2484990420835893,-2.3604074403306594,2.02518637569071,-2.1859964840429,0.7858538575914342,0.658278700440847,-0.7446529220880702,-1.927943077958564,4.800971729314844,Class_2
-6.236188278289583,-5.068480797920165,3.992826438718572,4.976193820361761,-4.714936009876615,3.795544931551409,-1.2255812306128586,-1.1528114293792573,1.1950263255005882,0.9082676899899652,-8.36643539957111,Class_0
-1.7219833993570108,-1.701197647551382,0.9449172547436996,0.7600732890085526,-0.2022884455113248,-0.0708929328204287,-0.5187737456124812,-0.5488983635913328,-0.1674313866578013,0.1587222505624882,-1.214191848278476,Class_0
1.8082371917647824,0.9134719173648758,-0.8950089886388047,-1.535049591278633,1.213385437521761,-0.9980372675517768,-0.8272859014725311,-0.8173090554054325,0.6241263236623438,0.4727196273687759,1.7141262216624298,Class_2
-4.636922287773252,-3.852203547832787,3.2640303026147763,2.0242904999793123,-1.4889541522319203,1.0786027816965071,1.691164453545326,2.06005337027361,-1.437354518634791,-0.4424275747796221,-3.7312907040437935,Class_0
4.244437354868375,3.8196483696229775,-2.957864312295927,-0.2156107411894594,0.3826751245789662,-0.6630639330918185,0.6548354036610922,0.7318593818977088,-0.9089777550584596,-1.3844061316090193,2.641077095605453,Class_2
1.1180584556121238,0.8709835755822377,-0.8496738956218021,-0.3908589475001575,0.8664255716012486,-0.2958978868292468,1.4177856383339442,0.2697033430605915,-0.831616835644399,-1.1857872136176677,2.11360568392337,Class_2
2.623816523485438,1.829484245811008,-1.63393405476106,0.8794913731163501,-1.043548385780998,0.7265795230125289,0.912017544769814,-0.1720101823260877,0.077625599017154,-0.2721888994312837,0.979073889616605,Class_1
-1.5476967939046518,-1.405125268582165,1.3401745417070918,-1.962644953790193,1.688296845104163,-1.6444572154486563,-0.1977839961117341,-0.7220693458359888,-0.3394214697391102,-1.2724028579180418,0.1924182193863837,Class_1
2.280147436576073,1.6682761328371292,-1.7929205486418092,0.5313684175314772,-0.6175906830148421,0.0852789618207111,0.2954117113628877,-0.0367846033727409,0.2148554764553391,0.3070529070456532,0.3989689868492747,Class_1
3.1363832945185357,2.414371240800681,-2.1379087864333988,4.292714513548497,-3.3831065964686737,2.6043720856817902,-1.832949551348184,-1.32014131613455,0.8418307731835772,-0.4624579380344189,-2.4001871696163883,Class_0
0.157870524396837,0.3945205662168806,-0.2921427405041021,0.8756946696032786,-1.1493980496971945,-0.1364082796758458,-2.798439017212114,-2.057418063369305,2.6669986109341903,0.1850360473653055,-2.46327114624901,Class_0
0.578910284580533,0.7969869994696288,-0.8560020112142179,-0.5102950728704403,0.7214289831401177,-1.3288394944899695,0.0520663762387298,-0.773800502863819,0.1181717798700628,0.1551481282264308,1.0337604772515323,Class_1
0.706146739250969,0.5852053605950854,-0.5522004310445325,-0.793943511148643,0.8044839743529482,-0.1312905771498835,-0.1099292564373797,0.2549185926263165,-0.5605353439221772,0.3867995544245269,0.9561657518432016,Class_1
-2.7939526958516336,-2.270329764792569,1.6408322553692556,-0.476624420145205,0.3357857672364437,0.1137494254172202,1.6060591013082202,1.499430021641683,-1.8171817664127576,0.4994825272889986,-0.0509148959469784,Class_1
-0.4094636106745284,0.1198514282519292,0.268291388929699,-0.7601124682448055,0.658578288988791,-0.3484898452432881,1.6833578982537107,2.063338733419809,-2.516642679211972,-0.3439005907792451,1.2197314394978087,Class_1
-0.46875668376613,-0.2931907068337185,0.204719353630337,-0.4329224451328853,0.5109342136955508,-0.855049867204687,1.7418115150197746,0.6552201773321964,-1.973043737068976,0.1839692666338304,2.628659666824112,Class_2
0.698338817544963,1.0432332885024442,-0.7392628076655311,2.3865548374225654,-1.771274358355341,1.2700100376903127,-1.4251162556019956,-1.2187783376601522,1.3083134118041952,0.2360081284201745,-2.258319865736293,Class_0
3.042574334591235,2.407135430973543,-1.6149230497360456,-3.544026100190524,2.9810027315900443,-2.294062683943247,0.7609181943175167,-0.6587320758446065,-0.0435597243950851,-2.428890309093365,4.398389835830439,Class_2
-3.361273072093033,-2.795433121855217,2.0522876691711085,1.7344119209669049,-1.1809565115025973,1.1129639186804847,0.3113550949880503,0.4905894373035016,-0.4895882931000263,0.6465257458594902,-2.938802308349438,Class_0
-0.2778892991206299,-0.8591241858032317,0.3083602624579766,-0.9164070430291684,0.6711608967245923,-0.4863579342492504,2.2108148317362817,1.7908052228173783,-3.3756670646807336,0.1499421962202512,1.8297567673068544,Class_2
4.187996393431187,3.9458240021283215,-2.563961811636124,0.6499646957352145,-0.6547760680879235,0.5609570608746209,1.136146256073165,2.0049945828331968,-1.7216644009268935,0.5640488652435708,3.629194978469752,Class_2
-2.224763378731504,-1.7468931455923158,1.3771733419506171,-1.7405489807219805,1.896387392045636,-1.889566299830296,1.64699764347623,1.0248664344728382,-1.6901544398777106,-1.2868435954472626,1.4836203204782294,Class_2
-2.5233827176482624,-2.100416541529154,2.0074351043664347,2.355991775859811,-2.252675873652513,1.8087791391769996,0.0692355300141032,-0.3982676757140462,0.3953745503464488,-0.3157731751623933,-3.899431258015312,Class_0
0.6675389524836468,0.47145880411892,-0.4035477823369657,2.2086342737885145,-1.83734751377417,1.9711147453477371,-1.332558433935291,-0.157794174526501,0.7710878064276242,-1.0915294565655804,-1.478168319109603,Class_0
2.55809502698623,2.294999041778564,-1.332391135797655,2.4024513324244605,-1.5329047011041808,1.097474940889506,1.4582693279140728,0.7035980454115762,-1.3439451262166036,0.7446013762128753,-0.2083329099955478,Class_1
-0.0167546683223129,-0.3601123793683149,0.1271881138679451,-2.84214502382057,2.932618684828828,-2.1140268927220784,-1.0241575171442143,-0.8304737752114486,0.94717799950222,-1.405116542068494,0.9933385570227792,Class_1
3.6796273085021194,3.174931143204022,-2.596499508357494,2.294353216844863,-1.3105488661535916,1.0786289707218657,-0.3619156735707987,-0.5149120251990921,-0.1113827588184643,-0.9286547819223208,1.9610185171061292,Class_2
2.274940355007374,1.8579092406931843,-1.726714101510371,0.6745785839236618,-1.1428119507376249,0.6518611880804439,-0.2419120523105213,-0.6515009801234838,-0.3993141361928503,0.5343141282719811,1.4704961411098774,Class_2
2.4086828128517417,2.547427487846841,-1.8084484217559655,-3.1726581530938645,2.6266525953288804,-1.923519972539856,1.983842597513631,1.1894762276088349,-1.319104967919322,-0.6293745322772478,5.6361325314103645,Class_2
1.6606935271863623,1.6042051362735583,-1.093074692655316,-0.2467978506731722,-0.0177609272922699,-0.0953132914856565,-0.0746544346901566,0.5555627629142199,0.2460970874752754,-0.9283906567890586,1.4775289391963975,Class_2
6.861309711598431,5.268459590581371,-4.475833908888165,0.7720593286608338,-0.8739212930078402,0.8687332526170911,-2.7681817400491298,-1.942116295400572,1.8022844228004111,0.9067194295401828,1.198825816933298,Class_1
-0.4904426804822395,-0.8913446288251043,0.4077010915327542,0.5799215384610105,-1.3202966003084708,0.2069014111753863,0.3346102564754836,0.5638141177406415,-0.8042014354665894,0.947711756591868,-0.4430752389754296,Class_1
-6.066411060041879,-5.0418921485056565,3.943720023120656,0.5600091008942139,-0.8807231827691124,0.1012649956490754,-0.908509042535236,-1.0196690238676136,1.134808723941625,0.7220711925409985,-4.299969035829741,Class_0
4.6197605395955215,3.892525850774746,-3.2586652298698366,0.6795050587424608,-0.9281753142655258,0.446538142647695,0.8436626112140659,0.4028682423875105,-0.3514375801844721,0.8487096739402934,2.4764163342255414,Class_2
-1.4287175514680588,-1.475344129411286,1.113894184630262,2.9299563857664155,-2.7294581732583523,2.883582826101904,-0.0035601220920715,-0.6211115404834279,0.6944727221797877,-0.2315792789380564,-1.88056115202138,Class_0
0.3688133002924096,0.755891670270205,0.029271402333905,2.33495852244146,-2.227688947884889,1.153067635725058,0.0192853757717242,-0.873156176108944,-0.0415904265850905,-0.2045929746366153,-1.7440786908031396,Class_0
3.9936289983464976,3.3520116906469624,-2.752531472474728,-6.002536103775917,4.922782783969765,-4.334255882336588,1.1643626930413375,0.4877516744535751,-0.6680114176365923,-0.6480812785336026,6.455571744568663,Class_2
-4.431102796778149,-3.8869447719315406,3.070801510628353,-0.4165632360655357,0.5950669625127954,0.0336832655641689,-1.7300947564241675,-0.5977820257328574,2.1008068000243827,0.1677291677159773,-3.7640171535766167,Class_0
-3.8887235103191022,-3.302121772573402,2.5791662121457013,-0.6806290507989246,0.1662217573065994,-0.5217336831593321,-0.5769375099392047,0.2938448904981205,0.7487932363743696,-0.5278983273258481,-3.02985928185454,Class_0
-4.818529543674641,-3.8226263060026335,3.5080622871891585,-3.350628371839169,3.4809495071207026,-2.7026414427394414,1.1798017458708494,0.4351393505054256,-1.3022392942855316,-0.4330662059269771,0.5553199523114134,Class_1
-2.2971840807123862,-2.080448915309063,1.81747064171336,0.8107015349074616,-0.2180172340256131,0.2573832321179071,-0.4494448362889685,-0.8223559050891251,0.2985058221101793,0.5999004339828999,-1.9468429709791617,Class_0
1.3142252262108176,1.028255721615609,-1.1296436544699695,2.943171991414302,-2.038864725918397,1.937714652418733,-1.8250106599193463,-2.1040708545668867,2.237715776351602,1.18453924551438,-2.5798698501358457,Class_0
1.4724398992405825,1.4632200969882423,-1.1011908796239145,-2.6246741019823765,2.0167862759514703,-1.0818321229768406,0.5247614016889277,0.632912099139096,-1.0572554601152004,0.3982602542700949,3.964297708748264,Class_2
0.5189711027168126,0.2834360570563094,-0.73866906959501,0.5117804592767538,-1.0261430014149866,0.6615672415604396,1.5019370787492357,1.0755902681926328,-0.8451334879248109,1.794315865242568,1.4161483079651855,Class_2
-4.340464563487703,-3.1326577447681707,2.772029263401681,-1.705211732426274,1.6212848064124352,-0.90901470251468,-0.0807974237588409,0.2753268148000592,-0.1226191603186705,-0.7055155720327482,-1.901752711795532,Class_0
-7.145050792441492,-5.729661287900641,4.941088872472359,-1.3649086239636588,0.8387544128248132,-1.1338709605779842,-2.476317082701469,-1.4004780332925135,2.2135050860041465,-1.8379746392092584,-5.257037856801823,Class_0
-0.1822605800536089,0.4561200156710617,-0.393227300537368,2.534965552855344,-2.69174479297114,1.956906557317449,1.9186740860250064,0.5564040049630814,-1.3310096321770786,0.7146278895895543,-1.2841490877331951,Class_0
-1.5744638692491244,-1.448295023250544,0.6197790086206334,-0.9695208547816024,0.7530648310320782,-0.8928398477246098,-2.6074859807867563,-1.2714879433738857,1.5825696396766578,-0.7718335526467314,-1.6397572736309955,Class_0
1.1687389709965446,0.9176731482844812,-1.084482374119944,0.9214199094863595,-0.717393570173682,0.2876326508372764,0.7539642758407921,-0.0023361979752652,-0.6898017567088711,-0.2736922417753635,0.3052925294721916,Class_1
2.2226181877224,1.464409010153222,-1.3464451319273416,-3.16813860954084,2.9654863076699165,-2.637598080417947,-1.410024967392124,-0.5839004289236696,1.066450067439645,-1.7697965101211235,3.519125880872535,Class_2
0.5349426636589045,0.4081779983129145,-0.1523318999892124,3.6486665120045263,-3.347761062926953,2.6584190026279844,-1.339328947183,-1.246748188464092,1.3131022462300148,-0.8992102473458263,-3.977764198607223,Class_0
2.0996233982113863,1.916828538919196,-1.432776483779401,1.5557059082109752,-0.91304972858274,0.6688525544676321,0.4971429871404459,-0.213935608984946,0.6711609772859131,-1.5022274165792362,-0.8536231816602771,Class_1
0.635588396232581,0.4569254804798759,-0.2232856675839335,-0.7451262062395161,0.6007783875631696,-0.0992193206080419,-0.604904665642337,-0.0135672706703877,0.0054183108329166,-0.4343032634203035,0.7051018982297403,Class_1
1.2185455843818929,1.0716444657823467,-1.4127465300497193,0.842690230630837,-1.2652340453650774,0.4630192427088411,-1.0625989623946437,-0.5522659750697778,0.3365370469072618,-0.3945514938829501,-1.3130069287536603,Class_0
-2.212887778646186,-2.0783322246074167,1.6470138334115525,-2.6031402699527737,2.5430002637682114,-1.8450533685721875,0.6994384389975407,0.8476488376573774,-0.5744819718189427,0.0899604115482089,0.679825888681711,Class_1
-0.4590378613539065,-0.4611495096963103,0.2968037636536588,2.6901807176875265,-2.073311243281311,1.6063780266570094,-0.8741700372031452,-1.0296220691572249,0.0788407551019034,1.2397229643551753,-3.375665622533256,Class_0
0.7553158678936923,0.3755435467452431,-0.2472533313529409,-0.935187368815178,1.0473104797564048,-0.0802934078116808,1.5298515863823068,0.4562052972162637,-0.6468409482699689,0.6769062648978187,0.839459830015366,Class_1
2.3189760099139938,1.8799194404539816,-1.9057420361874784,-0.4009158081516959,-0.0770738911378586,-0.4435624249530006,0.1235960243468572,0.1450319796579177,-0.3550994368434724,-1.622169636210481,2.385277342981919,Class_2
-0.9708525445682124,-0.5975805590285279,0.7884736838509583,-1.397784981989692,0.6116493434165573,-0.5163150391529532,-0.5754647918558349,-1.2051068410060064,0.6368588833739565,0.6080154356128565,-0.7191987698080007,Class_1
1.2603633828936438,1.282336719782098,-0.9950803573464224,-1.2156687533828132,1.8865112727628763,-0.80813027329786,-1.5708035133187708,-0.9420917012709394,1.137404121315599,0.1117546974414597,1.0913594807827118,Class_1
-1.0470419355748954,-0.3470862463067162,0.7628277913304417,1.640418058944055,-1.332336286117928,1.3023715732426833,-2.6997281597186165,-1.632598787173715,1.781700129179496,-0.097826432036098,-3.5496314323233267,Class_0
-0.2106941288568158,-0.427168463991,-0.0819665898652923,0.3813261504676023,-1.0279304731585834,0.4223416874080039,0.2572858218589671,0.7855333747468177,-0.9830271823875834,-0.0226995299372257,-0.7142826119384177,Class_1
2.8227813717848687,2.134991676009846,-1.6528875743411653,1.2287858710229391,-1.3479116975299217,0.3954331177844246,-1.0529081919166676,-0.2621153116096373,-0.0345256577792795,0.204552428086255,0.5859734137475933,Class_1
-5.880494715525728,-4.996519931699473,3.769073683879883,-0.3565279984599584,-0.8148315253652799,0.339885704506389,-2.239327068570037,-1.7232041448316116,3.032498562415712,-0.6918867910135653,-5.896728762984017,Class_0
-3.897485461531085,-3.665586397566433,2.694043864991177,0.8318920980668844,-0.85148344620208,0.739110693755504,-1.2547792435212792,-0.3614734979685728,0.6228400991841733,-0.1823508575246409,-3.379979240459821,Class_0
-4.885592941632903,-3.348378917041074,3.119814102176867,-0.3102642129857752,0.9968631671485346,-0.351942488813373,-1.4963155101742216,-1.0251975348222828,0.3185103112350707,1.183939123891834,-2.574378896339089,Class_0
-7.40533777075361,-5.8678287013788655,4.924666288198227,4.481341150334237,-4.287016027387813,3.586184029018422,2.0562610647946364,1.4715965560521993,-1.59240052470166,-0.7039057844255335,-6.877397857203509,Class_0
-2.008911413086357,-1.5090565454797016,1.2495229894486786,-3.4365531628561765,2.681057572899445,-2.622549392999717,-2.2778799142967743,-1.2407302171311096,1.6493529451347413,-1.0298879761750954,-1.2929807881394997,Class_0
2.176689165268986,1.6855775687039614,-1.3134225023177228,2.427443062150571,-1.992590935802698,1.5712275935331226,-2.3369761476279063,-0.8198551891836161,1.2356858987039463,-0.0617073478738508,-1.9239412752093468,Class_0
-1.075819235578148,-0.753421261351378,0.8419484502605601,2.256586615091973,-2.9872980507515683,2.2812354615886075,2.147949235755624,0.9460486536213564,-1.6789156976698083,-1.1305664567563476,-1.7824982347983915,Class_0
0.6064767619915665,0.2777621148737916,-0.7242295578547977,-2.008565519573251,1.1374144870782052,-1.3843753692420704,1.227462267692926,0.5620825841763892,-1.092467684682885,-1.7227831214543383,2.370985372801208,Class_2
3.29067876363394,3.0320433624678302,-2.055966009401895,4.8666491428258825,-4.081127053515444,3.671660663647234,-0.9724826494693894,-1.357605547821838,0.0332818837960656,-0.3444671770748164,-2.288773879059765,Class_0
4.171941570511129,3.397067667531898,-2.463670013779362,1.9482358385746548,-2.0175829605416182,1.4308650944159191,-0.8421799954131052,-0.6994422845747745,0.3602815753140059,1.4486218845639236,0.6913443239820203,Class_1
-0.1800933475758785,-0.0810814551451268,0.0865305921747916,2.509497066476185,-1.8362102815233168,1.814901932341268,1.0236061366506066,-0.3805487435612077,-0.6298082298441472,-0.038604095876893,0.1131554889226444,Class_1
4.306436542375069,3.723510760699738,-2.949326494643816,0.0274400225029366,-0.4295650324685345,0.1901898500120006,-2.607578772065948,-1.3763480309560467,3.19115500420124,0.1785770944482134,0.5593646300255439,Class_1
0.2779787812120903,0.5194019703100288,0.0043378343537142,-0.4452459252948016,0.4553011305700699,-0.2250479895280627,-2.5641528364990696,-1.4363010234951072,2.2688563314962398,-2.1301483581511254,-0.9802653196540994,Class_1
-2.535261670443853,-1.902159925534584,1.4348946821433728,-0.2265494065165792,0.332165963117298,-0.4450171601185081,-0.4672109679981769,-0.5069268645645386,-0.0296031052773379,0.438125492440947,-2.241287866391576,Class_0
-1.570338619346769,-1.841432717256204,1.15313041749529,-0.0207150820267859,-0.5381979251052211,0.6671455594008067,1.7690997059382247,0.9510424719126952,-1.093138241099313,0.0933658613097919,0.0870163815473115,Class_1
-4.637297713703336,-3.8752610612917113,2.953048213569367,2.8638543471638647,-2.462015444916925,2.5192778627842927,-0.2232923065206626,0.0190905590403783,-0.0627462628985754,-0.6649148280393544,-4.974064986538557,Class_0
-2.1015120705477246,-2.471306668336969,1.9193753178081048,0.3479324893045536,-0.2643585704017482,0.2529959162599675,-0.346204615861255,-0.3546117496987631,-0.0048960047666083,0.1800504714023739,-1.5646225311383517,Class_0
-0.9989985685899404,-0.7131582967796231,0.5907070642463518,-1.3770755782200363,1.2067063152880886,-1.1812543794165862,2.1677913497791272,0.6131196398671898,-1.0520543415195271,0.17012161715796,2.238061382260659,Class_2
2.4869209087033397,2.051625533884017,-1.7440867765227743,1.9382579430190447,-1.336191246799502,1.2528666202648666,2.2245883249499974,1.5898178839396548,-2.6700194398861377,-1.0594879283579357,1.842366554454847,Class_2
5.267328688292471,3.954296469507312,-3.421756566579345,1.5021939871255443,-1.7573312640519587,1.425337534553086,-0.6957179264806124,-0.4735286600037512,0.9135705412184454,0.3318537267799096,1.4471258542983183,Class_2
-3.771117251064792,-3.502639841695407,2.96564112627803,1.6819606424838462,-1.2283666435009002,1.5851830576000836,-0.484199844357408,0.2331659242988759,-0.1870356554696151,1.1971354225271549,-2.9048824364691748,Class_0
1.336983887114278,0.6085405867201027,-0.3281649363892084,1.4123034553756668,-1.0274187188277255,1.5388538706513168,1.667202660955164,2.1169185925748235,-1.726203772469941,-0.2279414754735165,1.441414805278917,Class_2
-3.442643013273388,-2.614648969911276,1.7795916383593138,-0.8131922282044297,0.2718399673289859,-0.3786008599182107,-2.176410493860764,-0.9519908280936048,0.9385810056760876,-0.8675942024371078,-4.002066013903581,Class_0
1.7047853423431067,0.7728995951612087,-0.8863257733690884,-1.7988473589997984,2.0775357993727432,-1.318424819918257,0.8448879975988839,0.9251324471923362,-0.9963487415176542,-0.1775800698017283,3.3923532718838354,Class_2
-0.4614392679521832,-0.1955097533731633,0.0448662961285948,-1.797217667980705,1.9960907649653317,-1.5479448222040089,-1.387681448495442,-0.508275189622599,0.9553044165199422,0.8546131950644287,-0.0653846116880884,Class_1
-5.471286462974726,-4.482773908110308,3.86557390033641,-2.8093869027071587,3.169669178433456,-2.5137349138795204,-0.2686191709817083,-0.176174715197703,0.3471619093736564,-1.226318839297272,-0.6775529729974198,Class_1
2.5290401802704,2.797729602257931,-2.044302892598816,0.5760838316392625,-0.7206937440129362,0.4637121429609399,-0.0129218883626451,-0.9467035484450336,0.2492886602319215,0.578558258784181,1.5111710626079116,Class_2
-1.7097617348014138,-1.300533459647492,1.0750717819809972,-0.1051998901873855,-0.505680163880211,0.1725415815093043,-1.462807478968825,-1.1306628693153096,1.5535045742594,-0.6780144585204808,-2.7215089133499544,Class_0
-1.7319755731341742,-1.440479159889512,0.94994630493431,-0.6097812842027857,1.115628342431458,-0.3977542428757415,-1.5372485105706963,-1.2072959406029624,1.2844572264373235,0.2420630813797374,-1.0598853768314274,Class_1
-3.189223306270375,-2.4698635049056032,2.124265034835419,-5.583376163262326,5.35352940222045,-4.821668906084184,0.1745096914575978,-0.0040219008912917,-0.3550591842983929,-0.5643312750455635,2.6203687689670327,Class_2
-2.019669631134823,-1.9851241619551836,1.3732060727468525,-2.259553411099148,2.0216122042030653,-1.5290322488037325,1.5917827452737363,0.5122355036496582,-0.7800255371332323,-0.5670169550815609,1.5405723569286816,Class_2
1.6686738824319225,0.8291079508170216,-0.7590406026681317,2.66752034465082,-1.6654444693990198,1.6501901893226067,-0.0697329743820441,-0.3012064139015377,0.4603332093182022,1.5230949162350476,-0.6415046323090641,Class_1
-0.1712809627800986,-0.3898252193222363,0.3773351726362544,-1.1466472762521254,0.937859135850293,-1.3423859745818347,0.0442599785248716,0.3111087284973259,0.1116395271899474,-1.4090865905334915,1.4225238251193244,Class_2
0.9952886408903914,0.2820925900192208,-0.9233022090530784,0.7714787947316933,-0.7763115972515974,1.0086221745864346,0.1121909715617849,1.2001595007269712,-1.5452120227702255,0.4853661775455442,0.780320235919687,Class_1
1.0985611040603018,0.8955144385886386,-0.5782864777956496,-2.4096192413241035,2.66070088325056,-1.573880496104601,-1.6230259115610357,-1.564595485415273,0.6757564540084967,1.7313244109212866,2.044026064647436,Class_2
3.8872963733145975,3.0465883157908125,-2.6519150437889394,2.850142122693821,-2.9237507177310795,2.2503696673580778,0.3762670340796581,0.150629406811333,-0.2600194206518459,0.6855219264728227,1.649002871341938,Class_2
-0.8071571942925807,-0.8316386133726323,0.9179192597316984,-0.2780813652059543,0.2264055152162973,0.0320362705848175,1.505952205940635,0.4208302838625052,-1.403655748939828,-1.331097019039182,1.3073140277959374,Class_2
-4.496357424603871,-3.961578631626145,2.8121678777954764,1.0965538681561449,-0.1953315584963549,0.703667817785854,3.336576807753151,2.6495604198500065,-2.511004468599128,-1.2815805089154055,-0.8483398123323939,Class_1
3.117399794786809,2.774118075793755,-2.454899778614165,5.13813682214994,-4.123070402300694,3.977189941306816,-0.7959732322411763,-0.4204727486928439,0.6962956723274081,-0.7516253766464014,-1.5520051437221825,Class_0
-0.7987459435587712,-0.8238885743262893,0.6561711436578943,3.0304274591018108,-2.3553642800138226,2.5294841347852093,-0.7754468195320153,-0.701917310742764,0.2135890372021286,0.1579079115198747,-3.087836661528658,Class_0
3.236117514668801,3.136572590663775,-1.9699943514979008,-0.7491967157658006,0.8918988257185034,-0.9245393290340858,0.5926429753935609,0.9787624874985394,-1.64395510957781,0.2259426940890521,3.4322278980434664,Class_2
1.142580332657705,0.9601264164815816,-0.7345657990417307,-0.747488319678169,1.0701178330931325,-0.1863975651656442,0.6285805161422825,1.119749858557712,-1.1285796249825228,-1.2716965542996927,2.321127046436854,Class_2
-0.7096747469122333,-0.5200045267487289,0.2223411005721185,-0.4109645156644994,-0.1150413921720592,-0.1153376059612827,-0.4579841715655821,-0.4890824218084929,1.4198018861675878,-0.8727574584469666,0.8805581499244285,Class_1
1.1871657511635187,0.810218271158917,-0.8716211916240768,1.11447087321228,-1.249548535822356,0.5865139008693359,-0.5988097006297839,-0.6893340998852615,0.0981680277393119,-0.8114824869800202,-0.7643524133244687,Class_1
6.241211068215272,4.541472301061566,-3.550471826916435,-0.3070100815587256,0.4184036753669148,-0.5182049767014001,1.481824103580634,0.5951295812903935,-0.9129468598795528,-0.1807468081148928,5.070218906324687,Class_2
6.375186661721218,5.293985636310742,-4.359881577084462,-0.6909793163925652,0.2463640349206629,-0.4161815168637782,-0.4929571590747943,-0.8381331000422221,0.5113097006841969,1.9846954572910749,4.021831411674698,Class_2
0.500503238907797,0.3209153994107648,-0.2838411217912054,2.9278499634517736,-2.7389340278523613,2.10338086263491,0.0311513505686711,-0.4658858867276976,0.9375011774363242,-0.9331870656234476,-3.13064638127938,Class_0
0.3113513527157597,1.0177754924658928,-0.206374347417346,-0.4277212374275725,0.3071219893068161,-0.0558164637671196,0.376054110821372,-0.1243265968091433,-0.1957183287553207,-0.976957833135788,0.4692113664024003,Class_1
3.2759853288047966,2.5351413960148625,-2.523684452910129,4.637890884650809,-3.698389158738722,3.709576034003371,1.026062793583834,1.266338115268868,-1.3458950448841396,-1.1331402951438443,-0.7735402936423585,Class_1
-2.7256150831759194,-2.181101225337164,1.9462401986109623,0.2611123411962283,-0.3358425236902356,-0.0621408151706188,-0.4864019856036153,-0.4441866640308692,1.2304480846756354,0.635544571242232,-2.022326144897757,Class_0
0.9536580087384968,0.6887363004360839,-0.5413021223930391,3.4580182683733858,-3.4066194223294484,2.287339793897573,-2.3503944322482693,-1.2438656630717528,2.2584205434079543,-0.041341596355102,-3.440094304395833,Class_0
0.0768537516089317,-0.0116286946018349,0.2315719102699347,0.9857865520041088,-0.6589086908277784,0.6710155978211325,-1.6478065407305076,-1.1904072625751394,1.7405411175859282,-0.8962265481699585,-2.6319962358122058,Class_0
0.9620887569933204,0.8801931622637874,-0.5161930205251763,2.3125708641921925,-1.6280551409059756,1.257755110527231,-1.3495839268273917,-0.949879452488864,0.8959208089520347,-0.3627955837783321,-1.088650933579114,Class_1
-2.782634622368461,-2.0967657259806423,1.6345129084075376,-1.158252794938825,1.258025844513076,-1.0357830522702471,-1.4708571183987185,-1.3844417923340044,1.9077524759719204,-0.7915103009577013,-1.0852882069443126,Class_1
-5.031708301034457,-3.702337254054165,2.966505244586853,-1.790392960739022,1.8515471053230843,-1.7508030868179103,-0.1347038453720871,0.2769808101299957,0.1767870999785863,0.2958912811892453,-1.2291569935845468,Class_0
-6.49518309427203,-5.336703465916924,4.117951783737591,1.1461583612864863,-1.067213868935519,0.6012949789563581,-0.7305496133727827,-0.8837262573265028,0.6881425610149206,2.684376606796336,-5.668147595349091,Class_0
-3.2538618209809056,-2.546916770501342,2.039720963628689,2.0004949041686424,-1.7433475564238543,1.7330630255619717,-1.4168060853201592,0.4088676468839719,0.0597841810459048,0.5508644056922366,-4.297668591674497,Class_0
-0.9632469476866654,-1.012063748938062,1.014581631893943,-0.2902107895688598,0.0611021094732725,0.2724611306770731,-0.1935879309109691,-0.5726361410859702,0.4050789874003514,-0.0929885151073637,-1.2452237895556897,Class_0
-0.6070831111462429,-0.7359864465966411,0.747739139407144,-2.3709678566180705,2.195438160178898,-2.2055152924311896,-0.6030709559992472,-0.1173818591575605,-0.0112351883084191,-0.6649754874879527,0.7020630301891764,Class_1
5.432496447459338,4.7643437458845055,-3.579100598619392,-2.676677240291569,2.7003780402887787,-2.449280078695309,1.0245456075014865,1.3064234548892228,-2.2731855530360097,-1.3434000818848495,7.03788311687144,Class_2
3.602195297335851,3.371650364451088,-2.137633211704024,-2.07620840375169,2.61353308630794,-2.135187311866235,0.4934532146593975,0.5561133937402178,-1.1679451430329668,0.7336897314030355,4.794410464977689,Class_2
-2.6989932656219526,-2.609479953539588,2.109097304002292,-3.098062966895194,3.418373517236568,-2.4550716904522787,-0.6409676067582285,-0.089000146086623,-0.3853745814611457,0.6793541783663201,0.0096373103516598,Class_1
0.7340653682471192,0.943754425369496,-0.7548458523479423,0.4323157659745322,-0.1388424145901079,0.3060393382380241,-0.2917688384627497,-0.2972261146593276,0.3220563932850938,-0.4661009966908062,0.2260955936861483,Class_1
-1.2818750323930748,-1.205250358436346,0.7185010450990112,2.3248389938025045,-1.912157687628277,1.5083099370355797,-0.9351963680862332,-0.181439090235177,1.1537199403364085,1.2133339829426184,-3.068791926432756,Class_0
-0.6339870318211235,-0.2645044079449113,0.6634620542435505,0.0222851026677879,-0.1655691105901508,0.084114874483098,0.4607628304242194,0.7567269828145247,-0.467258425786454,0.0211069388850848,-0.4076829017405695,Class_1
0.6660636504331031,0.6850207057382559,-0.4479458733741458,-4.821936335765637,3.8795150516507673,-2.8647977210601807,1.1546897000890874,0.6492923893385669,-0.7096159157852051,0.7747607353951352,4.410501166344352,Class_2
1.5956943404485826,1.3783403227281974,-1.1845050761852551,-0.9032170888290708,0.7106877725808207,-0.2143400499436634,-1.3579477787471752,-1.002011425660632,1.2020814022302375,0.2961970020330115,1.434655486565442,Class_2
-0.8956270204928072,-0.7199974613522313,0.4662785299009465,-0.5873657259896837,0.4836913272947925,-0.8158002724854276,-0.0634645704726791,-0.097908918586785,-0.1350560596022786,-0.1771358798776383,-0.829518913601724,Class_1
2.764054478986958,2.724052762155035,-2.304028601963977,4.177682394999749,-4.079687300272512,3.215118243673384,-2.9592901263620384,-2.3576323889579966,2.394842711084013,-0.9548846113074868,-2.809869822364542,Class_0
-3.4703791135786544,-2.984001755849695,2.410958312488466,-3.545937609301808,2.677107270651651,-1.4703219294549212,0.0987136974242373,0.8550279431824613,-0.1206392118069634,-0.1455365923626713,-0.3113399037489013,Class_1
0.2466085409668151,0.2053887102127144,0.1646598903566823,-0.944651742880216,-0.0089131313820753,-1.036603188489252,1.944188540459772,0.469464872354478,-0.7893287399148574,0.842050668894847,0.7933236282907837,Class_1
7.79670002290176,6.591510664265684,-5.392478686985001,3.3374214511518008,-3.2427168740900405,2.569182652457004,-0.0249090866128737,0.1349144198623748,1.4146619233365465,-0.508135111899427,2.115229059045232,Class_2
0.5694517178834362,0.6116240350346759,-0.312036623149266,0.8353287166474588,-0.5216527114378148,0.5957501104585751,2.0739402278106844,1.7454946395031083,-1.6337293581363752,0.4397413956031783,1.1261884287352153,Class_1
4.4775127705729885,3.5725563387048496,-2.9729761478194003,0.928109067576406,-1.0515072089429125,0.8785286460209094,-1.3021613513959465,-0.6716218703566826,0.5366734982969633,-1.0827358820240034,1.6094044734276205,Class_2
0.4695108975369408,0.3365640685829332,-0.1797393211063543,0.1267147297333363,-0.1708781857431714,0.2398649091396374,0.2438751401013401,0.1487172236640004,-0.0910955823579218,0.7800583361303581,0.3453389154456271,Class_1
2.00433922456278,1.5092896536976066,-0.8781653075014639,1.1770552257516878,-1.4988127435391396,0.8939055031079204,0.0090306048783092,-0.3473618274500293,-0.277287501331337,0.3129413364899617,0.1095505857993075,Class_1
0.0045189025112028,-0.1271846527254745,0.2750638355899727,1.753862645004253,-1.5173732399422102,1.1960884456580878,-0.2879850837903931,-0.4776820608958575,0.2888277398116906,-1.202110758836501,-0.7131386561993373,Class_1
-0.294947784705184,-0.5862729319074019,0.4999895599328474,-1.7870628708549776,1.5585570411551433,-0.7671886333149331,0.0748370767027545,0.5884962043177019,-0.4243205820380855,-0.2240145235216122,1.2541627348454616,Class_1
-2.191865478688752,-1.5252644316229258,1.9407228651422328,1.7356128213078106,-1.440918479415258,1.275908387787031,-0.2528529600127975,0.1419789585434229,-0.5609273122440104,0.9314409093183696,-3.2409614631104136,Class_0
1.344009806695954,0.8131484115567463,-1.001378586125066,-2.7545000344667585,2.76011214379428,-2.1820523962194303,0.6341954221627325,1.21326996759239,-0.795191592814019,-1.259032540653224,4.210529683974156,Class_2
-2.536709767604541,-2.021933918244484,1.5058993833730268,0.4263493155410309,-0.6541396766287971,0.2583379151837952,1.801361666349775,1.7939253877053702,-1.1164422144630086,-1.0709502386249343,-0.9299681423009092,Class_1
1.949303765120807,1.5839029052082148,-1.4755949266725763,0.1267428612494979,-0.3714304777026336,-0.3678690152625627,-0.470156994830748,-0.1663639920934273,0.2035330084557783,-0.0694969547864931,0.9830311806314184,Class_1
3.013387354725785,3.1531043284771,-2.221474219573143,-0.929428970286202,0.7096923299228355,-0.8279161381141179,1.2699861877509755,0.9031867713256077,-0.5552007455747092,2.1333307304321942,3.926306521156945,Class_2
0.908531919947728,0.6904578837871147,-1.2039729373328387,-0.1713058639063382,-0.0205229661657952,0.6848721879766748,-0.8478325804789124,-0.6135859414435652,0.9214710643989992,-0.672578084039498,0.192791772636743,Class_1
-0.9151490970541176,-0.8994376493293126,0.5310118197720216,-1.5734892214403675,0.742099756078656,-0.7734278119482783,0.1879828557845941,0.2264743862468542,-0.7735525583859236,0.4952739995854955,1.2466164513086355,Class_1
1.410187169846574,0.892459432456284,-1.0168453049963746,-2.1563447569443217,1.3747013524095149,-1.367190416336029,-0.8705901783680097,-0.7599843618059937,0.6367133665063147,0.2601354076013511,1.999547691414,Class_2
-0.6378566470383853,-0.690816376128379,0.7740980645723851,-0.6718265572885517,0.3109527238713864,-0.6749830761755258,0.6347332734701607,1.21659657857501,-0.8745252062102268,-0.5895199002655438,0.6168909240620457,Class_1
2.798281930820345,1.9956051487707127,-1.8006103751282905,-2.799788538001473,2.439785016010182,-1.7414996400032772,2.930113856734152,1.7899650876495723,-2.0217532720019067,0.161133351784875,4.282676526321691,Class_2
-5.293522994469838,-4.698147334227251,3.54267284287638,0.6333710208413383,-0.6622037958218296,0.828820717056514,-0.2459863972659086,-0.2398127773229971,0.1090460002366209,-0.4478346620949551,-3.981084204631269,Class_0
-0.7909589730695146,-1.3771098760101868,0.7892069053098733,-2.039777008000249,2.136117098381264,-1.0220854671271082,-1.8906185023661624,-2.042635883880926,2.3650274231766866,-0.3578047901165117,-0.8869489268480409,Class_1
-6.018725344909751,-4.916924649277972,4.12627660221275,1.5593228616386527,-1.435607516743309,1.5887473120154638,-0.2291623821447447,0.3513460926037007,1.2394425512582,-1.6612719027731333,-5.099074566507808,Class_0
-4.366244448407579,-3.862705790257078,2.836412502496128,-1.6940196012991489,1.5894970164363071,-1.4903829814884224,1.053973158654434,0.3750680460185972,-1.3632313596447228,-0.0244362348663216,0.0084345800081227,Class_1
4.042881081096756,3.03764138855181,-2.8263293107043026,-0.7572569864683589,1.3001647855247236,-0.8371396705848314,-0.1446038011062732,0.6984264279336241,-0.5781101175813818,0.8990935066225507,3.84579615704152,Class_2
2.9499821247307536,2.5093648056727296,-2.235442601362968,-0.814526609005102,0.4726266928306457,-0.8635034923292053,-0.0033441843065141,0.1226866079066606,-0.0801145954413744,0.0574257747796855,3.437900050744832,Class_2
-2.031272032201185,-2.125617307808211,1.2208284716957238,3.490319238523976,-2.551701915012208,1.7239925315123692,0.7218985860136584,0.6515395569583817,-1.1486576939319846,1.0905077608224298,-2.5173250441996817,Class_0
-4.745607119060362,-3.5570227175951885,2.8565129999970784,0.888026769765563,-0.6109063663648837,-0.011423714031042,1.311639361848944,0.3248578124610736,-0.8610349122705023,0.5803274459450172,-3.0310576554189,Class_0
-8.861281583094184,-7.586582300601079,5.943890911004507,-0.3745465427089782,0.4502677376088662,-0.7119801290325707,1.4571443612293031,1.362903166239392,-1.1883114759868414,-0.0595413063302199,-4.706332165287373,Class_0
-1.3008640914331275,-0.95834592535773,0.8979144799933061,1.2895609701688462,-1.115635875284163,0.7655091736872631,1.476675933649649,1.1172907465905113,-1.0268680483206127,-0.6279255530068186,-0.2577533800323667,Class_1
7.224998829832867,6.238425165350043,-4.943520421904626,-4.382155624677874,3.2415577802769464,-3.262985812493869,1.7120281782641162,1.4439372564371642,-0.9369705954208564,-0.486263715361404,8.862345543131074,Class_2
1.3941958204099558,0.8351987109406114,-1.1148346792438146,-0.0539612834333241,-0.162687526346998,-0.5790049811132507,0.3586883053752469,0.7600130020982798,-0.0792962721799293,-1.4705104739371213,1.0601685257841318,Class_1
-1.5695410906006393,-1.6282013531763004,1.1533673518052332,3.800710062686032,-3.820152916334472,2.9832080840397364,1.0732604727891824,1.3222666593847898,-1.2339782562205508,-0.2670788900983261,-4.0098758901509575,Class_0
1.1879160486679985,1.3140818250568431,-0.845017500083631,0.3840883800742096,-0.4701517600713347,0.0870691460409281,0.0740632397340361,0.0501360110030389,0.6294638680705142,0.1459987585641536,0.8493045395902282,Class_1
-4.580733469140625,-3.9679904151636487,3.20238977567285,-0.059746388067275,0.1687738725574771,-0.3086273455954248,-0.5971030716009675,-0.7597917108619929,0.7847532266072984,1.7154210977992332,-3.9960296121689303,Class_0
-1.1707371184998314,-0.78564403349943,0.5971189517763227,0.8901782093258769,-1.3507119167976955,0.6926299157462694,1.6251876311121018,1.733867496062227,-1.3536738836826658,0.5283203232788767,-0.2864429733865471,Class_1
0.1733075977669362,0.5667533979823707,-0.5071695453317558,1.9152524745603423,-1.5217956556343744,1.231074314720798,0.9084512668217926,0.394264472345847,-0.4476068290865726,-0.864853980137977,-1.2299574939604816,Class_0
-0.043157361964307,-0.4024238478951104,0.0482105708635268,-4.03624681801389,3.642929158367122,-3.212023038308353,0.8487304794403294,0.3981399358175204,-0.8098981631048072,-1.439368275518806,3.4992641464137897,Class_2
2.4437696231319133,1.999838747269065,-1.663073577843858,-3.9429093042970775,3.316324190465349,-2.199155165014961,-0.0337200322569911,-0.5164095446514521,-0.1757514754895261,-0.2065520872045725,3.5787141852662403,Class_2
0.9730401171588516,1.1002700140032076,-0.7699495150562298,-0.0160844942213337,-0.4184638854761431,-0.3505786101034393,-1.8356209020035712,-1.33697433437779,0.6685589852352805,0.8117644468277492,-1.216981637944217,Class_0
2.0942702585730286,1.8730944173663924,-1.3216557926180266,-1.7739330712334584,1.524117101574785,-1.7673444895951045,0.2669393075634164,0.0378267993690218,-0.3661607614422212,-0.2206163366943878,2.646605211824565,Class_2
-2.0771352962433047,-1.760833872457067,1.6618528389357226,2.359158952605636,-2.413311513424075,1.9691879178870533,1.7635978771860104,1.41161050193771,-1.349228752379215,0.5419841750055955,-3.252766096679074,Class_0
2.695961925702011,2.172312050813205,-1.6332115742841762,-0.5060217809268563,0.6976316597688431,-0.4391170685405287,0.7062583517760697,0.0270034357905158,-0.4435783713675677,-0.1811254492521883,3.139653353061161,Class_2
5.0181745482160025,3.637638503429746,-3.4553774512177218,-3.803379817304745,3.03127299810944,-2.7603208059630364,-2.214897660120878,-1.1219129107368682,2.3967099224722235,0.7170004347155992,5.569755345800866,Class_2
-3.0559221070860643,-2.6894350472948303,2.075979614362152,-2.2164440221782344,1.490941627431862,-2.0906616031636784,-0.4883804839444987,-0.1328327511999743,0.2327585614390579,-1.5972580227056612,-0.2925856312652701,Class_1
-2.655019686032741,-2.139649332642716,1.9034517849622667,-5.27351149237862,5.062680891404792,-4.445787361228179,1.9909203805134823,2.143845459400382,-2.1252589752744373,1.6041821201461004,4.424704225540758,Class_2
3.944899370039368,3.304990293565023,-2.8327821672307785,-0.1466801877110277,0.5507809049210115,-0.3537489523676004,-0.0712918857690355,-0.044202827671524,0.5508942992125665,-1.1124834482237107,2.8395912793132605,Class_2
-0.891152635005232,-0.4596281970960941,0.5524611579172084,-0.1942493970910298,0.4817421290214548,-0.4371285382683737,-1.904927320867676,-2.0469642513124238,1.6628448082677252,0.7937323297297773,-0.7408741563419551,Class_1
4.027373024949811,3.769366882574908,-2.8397181113221666,-0.7860216268363486,0.6065531231810123,-0.0938190730433535,2.179246027157213,1.8870564821963487,-1.6483599599312144,-0.2721839946689551,4.73066703108739,Class_2
-1.0139658462637853,-1.403170056996028,0.6030807257814788,2.487563600745774,-1.495065594590418,1.504839021070791,1.1984460095020548,0.882197536780354,-0.3174949618285908,-0.1158279003669006,-3.139916879194302,Class_0
4.442081391729181,3.578568865118616,-2.819050607613994,2.672863510555417,-2.295299050451155,1.7791649516740633,-0.1156051029823515,-0.2820610072863226,0.5799257051478438,-0.2411019059701482,1.0163452386628908,Class_1
0.1297397901360787,0.3758922828664349,-0.2195792688879995,-0.227948236446025,0.432962867942711,0.6108137138251131,-0.6473918505479446,-0.9111131613978118,0.559208703562073,0.2556045850514932,1.0754016764847856,Class_1
0.4666155947984034,0.469532073913109,-0.561993172482556,-3.888065773695669,4.020839468959564,-3.270206580571024,1.3781885457130283,1.0142351625352044,-1.3851856758100154,0.457524543280895,4.851863844664271,Class_2
4.671721284987597,4.269664332656615,-3.1369266603364685,0.5308266882334979,-0.5954847969613322,1.1205772735580697,-1.1941346476689751,-0.8881229143300472,0.6398568307709568,1.0583615118230685,1.5122653381515447,Class_2
-0.7730741256972172,-0.6772794932071412,0.57972385911065,1.023581504775016,-1.094757297252386,1.0592486444480866,1.4709950330508852,1.4817858472888423,-1.1110545089359047,1.4079488825973785,-0.4735255733960491,Class_1
-2.860717914735745,-2.280271908040207,2.0042702926093385,0.5270460006183707,-0.7528626981512468,0.7200779305367926,0.0337615006585584,0.3251050849811934,-0.820471472371832,0.3318215467767024,-1.427012899279653,Class_0
-1.08429271340426,-0.6728525752387393,0.8884382891549235,2.3087643618607028,-2.2161071640792054,1.573540166856112,-0.1174724734086857,0.9100541755359344,0.2640963975340013,1.7136742391683042,-2.216410719086238,Class_0
1.4273880060931474,0.7561110567053111,-0.8713781324966318,-1.8582376938368488,2.562400675628614,-1.6793978666478817,-0.6328587962839354,-0.7187001422054986,0.0719673811582623,0.0929725428224779,4.081516932917504,Class_2
-4.603027124972365,-3.9163292507277054,3.202946529246803,3.582456961307199,-3.489336423018688,3.048250080720699,-0.280008425125614,-0.1035529913847011,-0.164424341743206,1.077440362252924,-6.543334631269824,Class_0
1.6452686060924506,1.685261498861319,-1.505858928187508,-1.4955053540389531,1.862888287423653,-1.6407394954946228,1.8986216251747563,1.5128331642288673,-0.3970546616438815,0.4287196729061473,4.051850892204832,Class_2
-1.428809368503278,-1.5755670557428387,0.8986860308590761,1.1470122985938285,-0.4135899965643623,1.237765971795026,-1.085242062954775,-1.1349302752465695,0.9908328253800884,-0.5492046314253658,-2.512682673477336,Class_0
3.376451574745969,2.944710287288341,-2.7376142133903687,-3.7170599624949503,3.134739272299923,-1.8209954985214205,-1.6888760004230003,-1.5234129883980028,1.3464764223732355,0.1812341543798436,3.179193049273958,Class_2
-7.010162423979232,-6.262296385698149,4.901469061499024,-1.930815085238311,1.283780015556082,-0.9716583627678312,1.678253706395925,0.3917818248576096,-1.007985784280632,0.5031718775091251,-3.113791614255724,Class_0
-2.5225313217097285,-1.7937751081918585,1.3306895454589842,2.937275351810897,-2.7882346366034976,2.380924277866627,0.9191083329286156,0.2946074383995198,-0.0992487220077247,-0.0321981314026072,-2.8336445341029406,Class_0
-5.023994584200323,-3.951711686053028,3.3994502444473342,-0.9893248299167628,0.1771849587469338,-0.0918093051641783,0.2702045651789111,0.5300660937063025,0.2017286987237854,0.4128565179975563,-2.524999702155396,Class_0
-2.4082878083043315,-1.9974903156277997,1.7266565777158156,1.8748086023133657,-1.630621207613868,0.9556723396434688,0.2382466024473116,-0.1512131077434065,-0.0447071851874753,0.8653629593268948,-2.4171242813690346,Class_0
0.712191040011656,0.1559652990061213,-0.3748612344393822,0.6777315048564728,-0.5472965805210251,0.2642538291089675,-0.3843851707158549,-0.3328738530358833,0.8803178756061569,-0.0233731419958927,-0.9345172603831998,Class_1
-0.4567708377320333,-0.6897649439158959,0.1176498681322979,0.1062961668487558,0.0128173634801959,0.1743102114641603,0.6918213871582604,0.915132129020802,-0.3795847913046334,-2.943887668682481,0.7569694741902202,Class_1
-0.8134121218825466,-0.4922664215667471,0.4937228142678916,2.59766405093202,-2.8729153364854607,2.5662840051094014,-0.2779045520308218,-0.127039798633744,0.2728804005356214,1.6782701514933709,-2.445328704657413,Class_0
-0.6073665647484383,-0.3926625175720605,0.6524258269176715,-0.4851924637955352,0.9037363744751096,-0.6247913972112328,-0.1904347092744177,-0.8384838847279705,0.6674416320210663,-0.2975914302203286,-0.3850273657549903,Class_1
0.9312613984186232,-0.1650300528732634,-0.0639135452430235,-3.5706043645977337,3.294983006945765,-2.84036306964331,0.036192937602405,0.1313719784107407,0.559025721271583,-0.8232802208322978,3.0088165243103107,Class_2
-2.815817552557035,-2.210632508890709,2.2145367026916056,-1.1000815514628708,1.3781905551029978,-0.4413786100700699,1.7660106457115328,2.110678513544989,-1.9282974913960973,-1.1241102956528175,0.5996909594998829,Class_1
1.968375973687517,1.801288228811085,-1.3462006540343336,0.2521100226134229,-0.7648537628083266,0.8604790304716816,-2.409239105614607,-1.977953342362386,1.6118344876394168,-0.3364459023336448,-1.0970204288325232,Class_1
2.1016867722753743,1.4518962599636986,-1.5263532185400432,0.5039349080282853,-0.5705962089976974,1.2314403499888946,0.4141439703896016,-0.0678337321427975,-0.2569834230005347,-0.562747831316982,1.0109559988442898,Class_1
1.0065780420280723,1.2113337435319185,-0.6263515502339914,-3.132454247633337,2.9034120702464032,-2.27818731430663,-1.7752969346823595,-1.8919691512588752,2.430468209304896,-0.7370094638846911,1.545273319407237,Class_2
1.4326633995213247,1.221948603651433,-1.1446711312518945,-1.774356109291053,1.50931595676481,-1.0003506802983992,0.3273502294146946,0.1206992617042102,0.0365077008236581,-0.6821262698445731,3.2032587744780496,Class_2
1.0960158907057738,0.568931972620595,-0.4807303465627501,-1.2409388055858284,1.087278851691641,-0.979503834484334,0.5604341915245283,-0.2800355770537506,0.3516911195408877,0.5297428240598223,1.5744514017191331,Class_2
5.764399983063721,5.177271419581178,-4.196715296432558,-0.7687618491394229,0.8589117065030825,-0.2183100916427575,-2.688303274528918,-1.5604923820336043,2.484149650043332,2.030363441003101,2.466093897303719,Class_2
-0.0759113304422214,0.2275241871792989,0.139601719537034,-2.9491330098408435,2.702578149746125,-1.5886482402959274,0.300553622783704,0.2196737441701407,-0.6878043696403939,0.8205715980149013,3.219060114274739,Class_2
-0.971794117518342,-0.3618112513432202,0.6469959086844385,-1.2374015384081554,1.1798836151249024,-1.3048074427285212,-0.2206176683755494,-0.7119279509730192,-0.1086855782395869,1.1225981847545703,-0.1920685299618487,Class_1
-2.30289206168824,-1.793891076167418,1.5563107790135275,-1.268776187191711,1.2453805254183146,-1.216273421166444,-2.7919342986554363,-1.52174711293932,2.76821459285944,-0.3774100314467389,-2.078776823142318,Class_0
-3.0148377678088525,-2.4650602617320123,2.163269884047723,1.472186586014538,-0.929640527135282,1.4775773731738562,0.9510969643328956,0.5342318763163613,-1.1039054038610503,0.1046653655505779,-2.101462160713491,Class_0
-3.617175600404376,-2.913304735981482,2.3731045782971707,1.4822842017898668,-1.599788821714469,1.168339943260851,1.5559921700733037,1.3661247825316327,-1.5711273642997448,0.4264824042302869,-3.539614871245176,Class_0
-2.831660575058537,-2.5362392019196336,1.5089377360397964,-0.3413503911737936,0.3798529046880725,-0.3914006011198475,0.7394876419942147,0.721141972420765,-1.8831867929294557,-0.6595578936427701,-0.4852923889618399,Class_1
-0.0684960232062012,-0.0156638698421826,0.4663177712841015,-0.7863104957351399,0.8298441557890366,-0.2347199399518066,0.4800410208423836,0.0951366268572043,0.1158498412485812,-0.4257300705491171,0.4471971575395477,Class_1
1.0255594930981882,0.6522194542084041,-0.1707394231907573,-0.2422472455220997,-0.4347311173494947,0.5960950897080489,-0.0176746174285775,0.4452108530960093,0.2906065108787787,0.8545519583330766,0.5980903395705186,Class_1
-0.0977847829171222,0.2074746630795496,-0.0127999748638478,-1.4946840395227663,1.2274884778265869,-1.382237392918611,2.102280365177716,0.908831132138274,-1.5572680994468568,1.090292755100109,2.574696916637045,Class_2
-2.330580729005087,-1.9707051004761167,1.2662721359134037,-2.42896453316892,1.9581421416404383,-1.6459198384553806,2.02105646542266,1.8399467553866884,-2.322580889779209,0.0674102695152579,1.4964547539976385,Class_2
2.9768094951716746,2.375763491828462,-1.955008151408502,-1.5019818954081186,1.544733120113608,-1.833297991955057,0.8583834521250809,0.0878039541127849,-1.3856974951064678,-1.1951571807787262,4.0557322546395085,Class_2
2.553556976551982,1.878057547003984,-1.3770018307917014,-1.092310285250171,0.7052245266569626,-1.2656380646247296,-1.2330846718675708,-1.0711405058640957,1.2637524424326667,-0.295591983217658,2.210380695092962,Class_2
-0.3354752307443155,-1.1673783362603674,0.5875197371802912,-1.9759276783186457,1.898804314870305,-1.7017528684417236,-0.594819313396745,0.1126685095421767,-0.146025056904508,-1.4413311345058717,1.7377329325833293,Class_2
-2.1968171316278102,-1.587567433735485,1.0632541624210528,0.0208179800112769,-0.2118403109228058,0.2540817142472574,0.0430522390698572,1.0925806511992482,-0.4398285409397767,0.0752024098347269,-1.1765962074646217,Class_0
1.743405142980576,1.5316080401493144,-1.121722405829379,1.3480153552111889,-0.9337051375660954,0.7561668785698406,-1.917337975439476,-2.096280424031287,2.0752581695968773,0.2554031112714188,-1.3714759484196772,Class_0
0.734092943230152,0.5814160557998745,-0.3367607620834151,-3.5469341478337064,3.023094341988925,-2.631238324851314,0.4642966155634636,0.6908219118375326,-0.2127782329835876,-0.2707104210377764,4.0500276526313,Class_2
-4.1992401815813984,-3.645964635089764,3.0691702090872703,-0.1612999402467311,-0.8250920296999315,-0.3350724626603957,3.096593486974493,2.4684653558809675,-2.517034690203346,0.2417112223832046,-1.0292171363785807,Class_1
-0.046949910215631,0.2405897830215893,0.0672402930887339,-0.0642399631800936,0.5882755459066024,-0.1706327429798796,-0.0188335013902695,0.2873466903230025,-0.5239244021970695,0.4169012390838391,0.4486678610884741,Class_1
0.8587600520726493,0.7329328124663679,-0.836834562413147,1.1292645444503544,-0.7821611697349606,-0.1764106905369606,1.6711111388006064,1.176662193788505,-2.0155220726839715,0.2568620429071238,0.2360395166914333,Class_1
-2.71356682722937,-2.139818641171108,1.923629084866088,-0.3703175246485141,0.1592138049927874,-0.3734601825014507,0.0292926767993319,0.2212747666405959,0.8203341076485546,-1.2015302922969298,-2.350618323734638,Class_0
0.4478566793315253,0.7357314556062498,-0.1547275926406384,-3.044681860358447,2.6122381261137475,-2.832428461638759,0.2944774442646967,-0.6584904784624511,-0.0330035713442982,-0.2532643255126945,2.267998098845395,Class_2
-4.744054559473666,-3.546407963220324,2.893126678166546,-2.5476372993215155,2.2144944501168498,-1.7469267369354549,0.7266307753638196,0.1611029663283352,-0.3379613259354821,0.409842978266268,-0.7652323321421235,Class_1
4.076486653379183,3.115960811676876,-2.5913241817630555,0.2345288437128798,-0.0836331544415932,-0.5868213791416864,-0.7220911175459999,-0.2237991668074229,1.1239955226973604,1.5787117713059995,1.697764788454217,Class_2
3.781060523908733,2.5102906092036736,-2.590798216004277,1.529618760430071,-1.858532948022851,1.554276599105703,-0.5399662094476257,-0.6583357441651816,0.8958365009976113,-0.2719257502386974,0.3572804292359933,Class_1
-0.646036834343931,-0.7505735612619322,0.3358801096607506,-4.909274766544537,4.388858759504479,-2.747447651052906,1.3723306248886122,1.076973585659132,-1.389805095186517,0.5508402004481098,3.545036011439913,Class_2
0.8228542748586407,1.098872226067962,-0.5216235395687026,0.8383410027648805,-0.6282058997683702,1.1042917631471854,2.1808431455601096,1.2803370533144598,-1.51130646729046,0.8781519119238236,0.8489480452012761,Class_1
-7.100762559536613,-6.113078997354139,4.897343101162642,1.7945324398999092,-1.8156587695633977,1.1523653587188774,-1.607010039056715,-0.6596335378167067,0.7246017101167348,-0.1966276983725595,-7.090840074322388,Class_0
-3.0581339618718437,-2.6905745575929,2.4107690404110422,-0.4400909742540873,0.5574183369248807,-0.1250954537384851,0.7292474655583596,1.1801629832625236,-0.8893629147933957,1.1484077474873402,-0.6240602141392477,Class_1
-0.8656467343008072,-0.6972652564002562,0.8879808699031823,1.1490325346205337,-0.7902508285724975,0.479163790306502,0.1967466578721105,-0.3008296369970596,-0.5640327621368694,1.2021738314308963,-2.0360133637020112,Class_0
-3.228732128121885,-2.358316036001602,1.933297575990004,-1.2814383708156691,0.7295386995771407,-1.4722012338452934,-0.194126005975004,0.9197160943532554,0.327293945027172,1.3803847340611906,-0.6959576300607648,Class_1
2.2049899191091167,1.7121870297964816,-1.539198218893202,-0.2812478272169032,0.5498489555468603,-0.2187637829518411,0.7813686186896592,0.9407360559734216,-0.1890521493872126,0.4584321689855318,1.0235148466477746,Class_1
6.39835699718605,5.110145033511906,-3.963006391729049,-3.3515540523305623,2.7802739447139966,-2.001468372535633,1.2337458392377123,1.1658184734531716,-0.8381365718753997,2.360137249657536,6.484174648094091,Class_2
-3.734573710627884,-2.815065532439415,2.2403667913063554,-4.435315358922804,4.434536139476404,-3.3066343566511853,0.5280029336977757,-0.2627375646614864,-0.7856468670228046,-0.6152831127643412,0.9350771712716716,Class_1
-2.471748825576797,-1.7182580420551834,1.8315541152248755,1.9710933803602777,-1.9887382921776195,1.1638493768689049,1.6684168083803674,0.8610562330635052,-1.8681896641493376,2.12407758617894,-1.3934906975781525,Class_0
0.5464136204702621,0.1619615941912563,-0.5083765808006575,-2.164094842034322,1.4174686569130186,-1.230730492493162,0.3937149862301205,0.147830037145295,0.2153839245861044,0.7682994886584328,1.806566385161726,Class_2
4.723947501329864,3.913188302610763,-3.42073885849868,-0.8997388210021895,1.4128667420555343,-1.468589683663733,0.9527271241334014,0.5860718842803436,0.9738938590993546,1.3403873330267184,3.996821245097239,Class_2
-3.677040999196097,-2.843806755002632,2.4579029601173388,-2.6579337997435286,2.2085011358349136,-2.343194409356924,-1.264974929868607,-1.4573330786071428,1.3944658367137834,-0.3200377545417111,-1.0136516774570887,Class_1
1.0165730152435375,1.009064425712017,-0.4640044904525263,-2.304468233732337,2.8817774572665007,-2.403316595271252,2.307908289849712,2.140670363052453,-1.959747547674937,0.8444747029637627,4.3584958133784895,Class_2
5.824094672577074,4.613265005193292,-3.455661289046952,-0.1117782997017589,0.3484339566012658,-0.2333443080332986,0.7535616837833274,0.9378273364238584,-0.3068177242797878,1.4269741636643627,3.88664845395478,Class_2
-4.865649015612461,-4.202573911553539,3.3821464769880194,-1.0947873314851098,1.187202931936112,-1.1653555784844696,0.8438817867618641,0.8722873387429403,-1.1232960461636774,-1.0873586437238725,-0.6456437812473662,Class_1
-3.918526565142193,-3.013393424945969,2.654367691963631,0.5727597770995079,-0.6937964616895193,0.517441614225088,-2.092748540375562,-1.7177883512120813,2.167074025612828,-0.1633262818154192,-4.5483252462106325,Class_0
-0.7722720460548109,-0.841840847344175,0.9112715497231214,0.747821966082683,-1.2048975031226588,0.6176557929322393,-1.0203560675739882,-1.0581931797313873,0.4644892905482395,-2.141252688231188,-2.1273899686453053,Class_0
-1.6472761348321372,-1.3913864518053545,1.003532321452436,0.5710852948053173,-0.5816556772670621,0.4891170038330912,2.1232842286378086,1.2340362567964889,-1.845906122766545,-0.1783329768491566,-0.7330341137179692,Class_1
2.323576680388986,2.114080047428498,-1.7684463985295422,0.4341297878654382,-0.7543035178399864,0.5469470248280438,0.1670619792551686,0.1968805203280723,-0.8249919602972612,-0.8160081934600862,1.7168000648242971,Class_2
0.3699905505467687,0.8992811151550875,-0.4255517693098009,2.853128922522905,-2.9586159071715907,2.418918166533663,-2.485343527107517,-1.54518529164367,2.495446766912456,-0.217767687966735,-2.796877875767235,Class_0
-5.045667865077436,-3.964790400786708,3.4832991661075283,-1.7554074501227266,2.199258653471668,-1.7009137893789243,0.5629702249155847,1.1751494851276911,-1.1650845438532018,2.9236433576046594,-0.286069674052586,Class_1
1.7398803271766914,1.47417724706085,-0.6928562817134186,0.155135758921802,0.1751399621325491,0.0582095986272971,-0.669480540486114,-0.0526483123595862,0.6385043247497479,1.7178035067971986,0.2970640239918795,Class_1
-1.2490555548436624,-1.4328124942227278,1.4235142336659448,2.1736762826487253,-2.4834928265994165,1.9881779710578504,1.9563337875482112,0.8173359157172322,-1.5586102592846571,-1.439447536700632,-1.1746613286387082,Class_0
3.5454369803800923,3.1725992483436203,-2.422326607412157,2.721592813380229,-2.020725218734305,1.7022006522541342,0.2290764319479076,0.0095954683963951,-0.3536673700152203,0.555738301599405,0.856656586767973,Class_1
-1.591128447814937,-1.4296197017938936,1.3308684607324364,-2.7766575497879944,2.5570446402474887,-2.153436429752296,0.288935063876849,0.0388460158339475,-0.4934697170295445,0.7989310870592383,1.5285040546894826,Class_2
-1.8958187456334812,-1.6204564183754515,1.255638756008236,-0.4087624890323275,0.3995842144577642,-0.0618658654174996,1.7970789235423317,1.0216051031583389,-1.5450205189521944,-0.3378970867045897,0.0925266228062535,Class_1
1.7846148757736215,1.4002391517669257,-1.33448796787849,2.312950054676832,-2.22061508138839,1.651215406757316,-0.7844994042734981,-0.4619801327016984,0.4251336890499843,0.1783076031585494,-1.7664331855166482,Class_0
1.9592240187899157,1.642847139709623,-1.5690874093382663,0.9724598884389002,-0.9647044404514182,1.393764426488178,-0.7462360775238224,-0.5043117778300483,0.8904474504971932,0.2759822074149982,0.4373141834651203,Class_1
1.63791445634167,1.4445127089632988,-0.8759187211913558,0.3731145045878069,-0.7011718586353048,-0.1758096939391922,0.1579229577132959,0.3825288817951651,-0.2163743201205774,-1.3466113728618605,0.9234516973624056,Class_1
-4.899488601888059,-4.49903947524919,3.417085929658549,-0.2482767569858181,0.9461753616172636,-0.4474046540736429,1.620598637988367,0.914691619806407,-0.6788198280365474,-1.031329354086148,-1.6000690729897105,Class_0
1.6063213128275098,1.2370581597073744,-0.9821616064533368,-0.9561331317701308,0.6856554334066455,-0.9082678874682224,-1.6649299697626887,-1.2417962436544594,1.7283534034615695,0.1722967184409903,0.6863422440525723,Class_1
-2.9739016174909723,-2.561371813973044,2.252882142924335,-0.1735410910440704,-0.5432098749072487,1.1981030435397682,-2.5324647368115194,-1.6023825276803405,1.3173824108220504,0.0994025279817669,-3.88882969171294,Class_0
0.5527292745563406,1.0859369989428185,-0.6089830375151004,-0.8292581652738429,0.3327418734528931,-0.5547336975732282,1.2539526099267189,0.0474468333815455,-1.0247457254473715,-0.708562715417269,0.2781633622911839,Class_1
-4.38709132331352,-3.665006834710733,2.710853749356318,-0.1034716378021605,0.4306312397172763,-0.2391623363516527,-0.4113526993512939,-0.0067864633508617,1.4057000963503856,-0.7943761398538446,-4.071613858282725,Class_0
1.2462775199041116,0.94930141536756,-0.6024729591374955,0.1763626798810742,-0.2989412234496793,-0.0118639998064156,0.1573269418481161,-0.4817627771425228,0.0391434551409942,-0.089779249671206,0.2638396229856482,Class_1
-2.790342285260173,-2.15420149010188,1.7673941264533748,-0.851018620199503,0.7570347936448172,-0.983646309977366,-1.7156563398603164,-1.4687705377449851,2.213146569252209,0.886150952983273,-2.632068303049737,Class_0
-3.675552251940892,-2.791862333748476,2.4871151120943797,1.2390826799603063,-1.1614361715553825,0.6832394382055786,-0.0365861948765523,-0.3394827726198108,0.7890860193883341,-0.0764857709468701,-3.499581530108164,Class_0
2.379779132283712,1.0814635928294936,-1.4490825067552464,5.852948380600286,-4.847607987011318,4.32485659100529,0.2388608361732324,-0.5049367705880914,0.4454790494306286,1.6227308306356492,-3.604791017752728,Class_0
0.5846647350774855,0.3534268011547314,-0.5038318326884823,-3.5636906616865818,3.4482155992240706,-3.900703442547421,1.2079776659229218,0.4680015148767491,-0.905228906842219,-0.695820547662561,3.642419124265785,Class_2
-1.7722898009897277,-0.8521198261923548,1.2342684272420708,0.9792800630308676,-0.6597272393399222,0.5060247288856095,-1.4794694480118653,-0.0752991867889772,0.6758349916886027,0.1931098014548259,-2.56196976862772,Class_0
4.3004284521373455,3.7756676409255694,-2.807821079594406,-1.6974133128850426,1.7803187020061724,-1.1340528154080327,2.112089958084628,1.6078127144826646,-1.7964080836665923,-0.3542954291040059,5.970915268856207,Class_2
-1.2563024722930212,-1.3781272912591611,1.3883033923594512,1.1127200187163202,-0.8149419708880853,1.229602945373213,-1.042468571764288,-0.848334687481227,0.7855596041792751,0.5879609464131101,-2.5991729032720228,Class_0
-0.0291924263294018,0.0697896893836437,-0.0262640357093388,-0.2336624893857686,-0.1637802610805316,0.5280075418895821,-0.7351061565292212,-0.6653214258776747,0.7147229088305627,-0.7815878822251963,-0.3258882442940677,Class_1
0.6300553118182756,0.6891472607134677,-0.4053072652721516,1.949381362693518,-1.4211115498067584,1.077084339576566,1.866634336801225,1.8181165586411576,-2.2187378892171896,1.9273977539937557,0.7227838395731068,Class_1
-1.6485828251810923,-1.3376335238451325,0.9020365270191986,2.468762834118043,-2.017116518132173,2.0489400433490537,0.4424456183767545,0.5640399290212471,0.264629275438848,-1.690612403076006,-2.3817793684056228,Class_0
1.4006347631748897,1.637716234205464,-1.0392525853556256,0.1725852467351789,-0.5959240968818711,-0.0969173965034102,-0.7013619586292962,-1.0832549610062765,1.0338006370584645,1.715480239680246,0.6371286529965656,Class_1
-1.195935251323478,-1.2364929475920072,1.31266769487277,2.229768073732864,-2.036342599492716,1.966648252564904,0.1878483188763217,0.514093719406223,-0.2470291664492902,0.0899884691088327,-2.905809688329964,Class_0
-1.2256529736897996,-1.164042881293763,0.9037397227037416,-4.535700558615471,4.312290218203606,-3.716813370380118,0.5344265679004478,1.6042254321873253,-1.6086711881697666,0.5524245817469131,2.9274818019806546,Class_2
3.9027123113399247,3.603377710032904,-3.6031081965796496,3.105688922015364,-3.368904007831404,1.9710343330285156,1.835440813613956,1.2585924379264792,-1.7028573693299365,1.3345249030919577,1.3966986451103784,Class_2
-2.876369982250112,-2.776028305496798,2.2159767454881054,0.5897831172708999,-0.7319079701765815,0.4976371904670925,-0.4991559034632823,-1.2118028385779187,0.4358649769974486,0.8576614951660694,-3.307177698545657,Class_0
-7.112180959959267,-6.290285201320983,5.209193540784734,1.959404605695064,-2.031034895951034,2.106930390136996,0.697098831287556,0.3834130269531728,-0.7000413160178879,-0.7300268877930614,-6.33326812696365,Class_0
4.978185557774968,3.5873652695406246,-3.621055507247748,-2.338062919910709,2.504196746702836,-1.766461679406486,0.4009727285551128,0.2717121450186636,-0.3674095711992648,0.6000895552626019,4.755035496809725,Class_2
7.886103993594593,5.982037782892407,-4.794778370084903,-1.768956046973877,0.942036688746294,-0.7223839707205707,-0.5095349235869013,-1.470735450696044,0.9423031854677806,1.8674739726346168,6.126269198413038,Class_2
-1.3463670551171545,-1.2372844526543976,0.2561474047734781,0.1557492678607244,-0.3771407353717067,-0.0431490086183701,0.0007523351235037,-0.1429477775283457,-0.5152397754306138,-0.8872917121608225,-1.067184305078324,Class_1
-5.835964783657613,-5.136542543475681,4.061275870251054,-0.4348943051915477,-0.1138581934019426,0.3411910525856019,0.0075324629128658,1.255259751523526,0.064935959137321,2.1184285111939776,-4.304109632778879,Class_0
-0.96574189488539,-0.69790080864618,0.6192382271894394,0.58942934897813,-0.2215021692415011,0.1963468689820535,1.5800176320151835,1.0327892340088307,-0.7890879055038732,0.385702485968564,-0.3625171706283235,Class_1
-1.1168181569051314,-1.015407831057682,0.1024516566324151,2.11466329022236,-1.9651912604834068,1.7056377764161703,1.447632320817015,0.7898942877458182,-0.991321072676214,-0.4332277719202573,-0.2690072914439119,Class_1
-0.6224895530984198,-1.2607261780618286,0.4690752474924713,-3.626935135198288,3.7162249612408393,-2.5719914829234787,-0.7079942652377539,-0.6996871086457634,0.3114560769314214,-0.8932893846082542,2.3368042186958022,Class_2
-3.07288823419018,-3.044448048451987,2.4569440336741084,2.007269346681234,-1.5542103145192403,1.692250714449424,-0.4628398702857337,0.5162817638970374,-0.5008162203615859,-0.2232870744082747,-3.334438928726107,Class_0
1.7861510481882017,1.330937944260839,-1.08634488418864,0.2409644987366234,-0.1379743361811243,0.1001820819058551,0.3522896000362998,0.9369668676811472,-0.44444059599758,-1.9552783310704955,1.1573397768038656,Class_1
1.304309860289261,1.159906066247224,-0.9320492231602496,-0.1970940806669549,0.4387049589918736,-0.5643873799244576,-0.4908753007663159,0.0363060415325806,0.7022641614455359,-0.4152444690587874,0.5421219370254843,Class_1
-4.794384741790907,-3.3561328797209704,2.906476017170801,-2.776411918499852,2.5417867790819653,-1.898565418344938,0.710924907085074,0.6290502502005255,-0.4777637232239348,-0.2629272438556117,-0.6519374196119778,Class_1
2.4305454068343177,1.5946061894149322,-1.77067141443398,0.9338962531630136,-0.6476687759312311,1.3606528105791855,-0.2496022315462966,0.4224918555008214,0.8711382562271417,-1.0744136491124197,0.6656921397234173,Class_1
6.139991143786647,5.351943320664527,-3.966997159424369,-4.998315202844447,3.945734817868564,-3.825492974336197,-1.3899517960212608,-1.211786875783923,0.7364137837002214,0.7478451949043599,6.864011962704661,Class_2
0.386398956170856,0.4251551811724342,0.0060301190151394,0.9836133300806942,-1.4142180132010829,0.3302597901023076,-0.9461815169757252,-0.7961166492256586,-0.0974059890812057,-0.2187662877893872,-1.638886927916177,Class_0
-1.0667738391849189,-0.8538890865894148,0.9005664949825039,-3.1621586231474086,2.8224974794178617,-2.063396904285662,2.0486497074813506,1.4171742324170862,-2.013146396758115,-0.6357945446144277,2.5391205896456306,Class_2
-0.7214711940860303,-0.5638531082308125,-0.1135687371052266,0.1128108537759189,0.271502691905633,-0.0357262689920411,-0.6399113735740314,0.4121994415211196,0.3664816543647569,-0.3253339350685435,-0.8863480743934273,Class_1
2.130389330808008,1.5234462545262113,-1.5334924153793092,-0.4742235111515857,-0.4460866716515028,-0.2246392555762344,1.453351044767726,1.603855900564662,-1.793619142588926,0.3551074733158469,2.631630421596947,Class_2
-5.27062540403886,-4.5179530454924,3.2921496626549684,2.3678934363230004,-1.692827300331866,1.94896943544668,-0.2345595306094859,-0.712477331337905,0.0787454349469284,0.0732212104669942,-5.069951648610316,Class_0
0.7666524144795911,0.4534828360068982,-0.6473764962106332,-0.6469473414013396,0.2795387656966004,-0.4277201039597947,-0.2006070540376462,0.2877142165864937,-0.888212674515215,-0.7009750880875777,0.0731586446057575,Class_1
-1.1610615054989673,-1.0352222818129473,0.789765882836828,-1.8865746889934376,0.6842869214810493,-1.1353060316887835,3.090206801150884,1.4828437697323211,-2.773788001647024,0.125653474040444,2.347661038025086,Class_2
5.829381433781824,4.383405549092213,-3.616966864875986,-0.7673835556829676,0.0113665001813639,-0.7949458748846098,-0.6221004140943297,-1.8800355635050583,0.6646875511768849,-0.0506759575662573,4.299691021578084,Class_2
-0.4711793016062565,-0.1874582495872458,0.0622948109614422,2.403441158899574,-2.750004803500878,2.423738031426751,-1.629683478522478,-1.375496501866484,2.2958493171915646,-1.1394642231488126,-3.867514769944517,Class_0
5.174309365932374,4.276429147804156,-3.1803495303839338,0.82148384239462,-0.9712460012792292,0.814969815211094,1.8390571937975164,1.0080335636359723,-1.5798198998664643,-0.2885046935072605,3.296163858924538,Class_2
-3.167403484128354,-2.87136742799058,2.327702184368017,-1.0994141054355542,0.674364555399025,-1.010930725569978,-0.7086471203428399,-0.8486951144458733,0.6586428621996964,0.579338270420888,-1.8283679646184368,Class_0
1.8864357136587708,1.5045211787658082,-1.2841501585743251,-0.3459820475099067,0.6155636863489171,-0.7732270983461604,0.8759153431511015,0.3137429440510355,-0.2805335606523454,0.5721382598965082,1.0205119338329458,Class_1
1.0277876868102287,0.7775450291025812,-0.6733049247792545,-2.721881867730504,2.6560726097855154,-2.30203516329731,-1.6368601176994102,0.0314777646114131,0.7497591221289812,-0.2299643324033938,2.5094858301299947,Class_2
-2.6537118868174643,-2.389515853977774,1.3481342605989584,0.6560262434012387,-1.031665725466625,0.1874115010354689,0.1360610667141252,0.4551416847908177,-0.2779353695468334,0.6767727947859766,-2.626197622435487,Class_0
0.9152752822253932,0.4611143438476421,-0.4212446605312957,-3.5843004277897057,3.0437423575535707,-3.186529781966655,-0.8012467089922499,-0.0842534543800432,1.126372735849354,-0.9799554969846216,1.299036340056346,Class_2
3.456169113475621,2.876044153377157,-2.423560678837136,1.825082483637634,-1.343150552430348,1.3501322955800878,-0.3508429085967501,0.0391295745279355,0.2699858741939613,-0.948987838193326,1.0773987722059744,Class_1
-0.97051358439117,-1.0457127196215266,0.6813329276188393,-0.285890526324962,-0.1622870279976953,0.4325068297409243,1.0356897153106548,0.5257191793328787,-0.5236750738508703,-0.2512549632936806,-1.1123610676983646,Class_1
-5.07291077246777,-4.635598455491039,3.4597006807435613,5.363964192021645,-4.533262649014783,3.451579912498035,-1.2257122876531914,-0.8113224686449961,0.695887541518452,1.4975661360871355,-7.776835363384404,Class_0
0.0277996712363665,-0.1335589045782724,0.0839740016010062,-1.4670410167507009,2.2506780068043586,-1.5474225786833606,-0.7874032914400276,-1.1442738515347466,0.477940381917973,0.1632516265382057,1.6125252661052087,Class_2
-2.793163813556438,-2.1143150720853505,1.751977450131891,-1.0172254409072907,-0.0016272676440707,-0.0881505610925242,-0.5267292660166132,0.0697548920173703,0.2242511549028102,-0.275365809665772,-1.0016316165630896,Class_1
-0.9640735548737296,-1.029517185004421,0.741920865838628,3.5673244331710983,-3.497833070358984,2.908278336473774,-1.923582904594758,-2.2641202988097646,2.397775072884235,1.5441380012066468,-4.478401134121777,Class_0
-0.2785318260959561,0.4262077488266899,0.3635819380322915,2.1670951710219595,-2.307218805365033,1.9987469268160512,-0.7259171646175564,-0.6148060274291831,-0.0747174470881035,-0.2869384352035384,-1.7787008700585605,Class_0
-5.433347151534131,-4.04270912662561,3.3922048173691057,-1.4718556344312197,1.5756337455546017,-1.9563440830043788,0.2510223666181927,0.1160890261396566,-0.2982667952199482,2.2347332372859943,-2.0724677976855466,Class_0
-4.845064560710664,-3.713063315136576,3.2948356568076917,0.3224193358621184,-0.4429803069544037,0.2517765070913336,-0.789284716235261,-0.6754989767949309,0.4788106597914668,-0.5112831236207457,-4.0784637814098,Class_0
1.2260874399705457,1.4039778418322526,-1.0013678835838742,0.2475264423739819,-0.2119528924680885,0.1842655004849774,0.0556301618784456,-0.4249412128676807,0.1771810409159,-1.011728729251301,-0.2183547348824073,Class_1
-1.915033240998821,-0.8435804966895577,0.9160856090434464,0.5301407626979171,-0.2296882361749199,0.2792739942275807,0.2374083647532269,0.7178387226749647,0.4514796545723389,-0.1663619748518755,-0.6710463666148052,Class_1
-7.666858361323824,-6.608611350419554,5.234064617024655,-1.6706330362296464,1.9004493467573176,-1.0353497302363053,-0.3471255785308406,-0.1485595618764111,0.5979186364743989,-0.249084260837017,-5.130613894250303,Class_0
2.452108778228318,1.3219257451056825,-1.6807332620503113,-0.2302963537900063,0.2236815151540064,0.1287643895362253,0.3777053366430531,0.3476252369574938,-0.8539853821138088,-0.807719976349283,2.9479041856697585,Class_2
0.9224488742436348,0.5693929860973789,-0.4675101303500416,-3.041669479464705,3.246647013757715,-2.368754731276814,1.0433831310475532,1.1045537079326475,-1.2537245318354266,2.601974078158437,4.359004387936096,Class_2
-2.0281903307055127,-1.6451324162043257,1.433400722374977,-0.0848694945934204,0.0676011718098891,0.7304569738343263,-0.5589307728872435,-0.9287439323966412,1.235103096582344,0.3186265678052498,-2.4899455322551294,Class_0
-4.337008437362846,-3.254196284708609,2.5728734868124543,0.40617124015267,-0.9917291376567976,1.0694761984311405,1.741758123197057,0.7186759227323912,0.0292812949538533,0.4642495736715836,-2.7645336661575888,Class_0
2.235220303361517,2.158387893527789,-1.7372443590580064,0.1429840149628279,0.4173451969018609,-0.3826265725058279,0.2189429247162518,-0.3155524200553725,0.2089173173344542,-0.4618792671369212,2.887506717889448,Class_2
1.4427561550440229,1.2036040570685422,-0.8003254436039966,-3.4228297850821066,2.522328214141422,-2.491892495630854,0.2168062906435204,-0.4576479778231649,-0.4218417642353165,-0.5776693847451299,4.18149374746073,Class_2
6.938365096036812,6.052020100325809,-5.094364799785949,1.935857829627068,-1.8408400330411228,0.4851843574567162,2.0487402912164416,1.4495150148069522,-1.7036697864098982,1.0255583557177004,4.278673867986332,Class_2
1.3827340024021495,1.2501997287100988,-0.7637981784175363,0.6097114542379327,-0.8440021791247613,0.4325117880775194,0.901426214599192,0.6333851421570192,-0.5007257339348745,-1.675841772589761,0.3445268957828092,Class_1
1.0257218994528752,0.7343671676918474,-0.7290969174683656,-1.287603884177311,1.1859613887090676,-1.5626667590001495,-2.6754527428647616,-1.2108166956586914,1.611816746951523,-1.1428644727903683,0.4958013166857862,Class_1
-0.4848492424721825,-0.691168247575422,0.503789910706829,-0.0293639167488147,0.2801122948944141,-0.343470330556878,1.0926451053501929,0.3792541504715531,-0.1247576750494792,-0.2473085056075546,0.3674844507126146,Class_1
2.323676761147654,2.445468148758099,-1.739843114862941,-2.827358653044892,2.61507588254864,-2.197499355280758,1.4124668412424348,0.9605089038635556,-1.2735064665507956,1.3510473056343115,5.470715526042913,Class_2
1.9875638346683904,1.587938386907151,-0.8710936774009739,-2.5063297998178062,2.0054080358797024,-1.2945656770574845,-0.3021877418408674,0.5950693191975188,0.2258133114717875,-0.3745169729694738,2.980803226375584,Class_2
3.782529849158924,2.973505225551454,-2.5793972067003166,-1.490859720816838,0.9322128503108524,-0.3178823543538422,1.2042756311149412,0.8987057879458699,-1.6036564373532447,0.4161515572741964,3.2605540807961537,Class_2
-1.653626710640701,-1.4586559199799916,0.8676239088356303,2.337152191962228,-2.770469421430888,1.8334369180350376,-0.3703225936591772,-0.3332792543975774,0.7840415786633856,0.0277286793880915,-3.208031860904397,Class_0
-1.516256842768029,-1.25079946276947,0.6720779619193916,-1.3594767416349314,0.9272699341279104,-0.1611093771580949,-2.084719854707292,-1.5528011009205498,0.8768081541861792,1.2962584129368084,-1.1895366676082144,Class_0
-1.3837546732374382,-1.3749976825414107,0.6114218611780278,0.7638419377935373,-1.6082043925592413,1.0416784948201043,-0.5133851793146128,0.4030159776037093,-0.387945658328797,-1.5847230182129213,-1.787037547736953,Class_0
2.12986140372845,1.656217352296558,-1.2750778638793527,-0.8308301296708274,1.042187232945374,-1.266050042093191,-1.9785899477355589,-2.163080645633322,1.7068853102292665,0.735963203722777,1.1083678771836265,Class_1
4.5806195293143634,3.370831000186703,-2.722535402439732,0.1699989543393061,-0.2953104003171185,0.1751961849892703,-1.1051884499415618,-0.4006209298916861,0.3785461914179985,-0.1988989297425972,3.032375231639079,Class_2
-0.8512244976405219,-1.1958523272868562,1.037830018875553,0.1651994643501222,0.3314763704150934,-0.342554598323441,1.4237692771203874,0.6748483406105311,-0.663586478931935,0.924884193919408,0.812782558806515,Class_1
-1.0042871731268714,-1.2101657870628282,0.6703296940310265,2.292302979347203,-1.8077231981567543,1.5168294030427976,-1.8169657709520093,-1.96077594391944,2.329502182587084,-0.8192821061003154,-4.06181405066597,Class_0
1.0859012489882305,1.0619828810353218,-0.2659009114277744,-1.144098736226769,1.036716587532769,-1.133754472408092,-1.303758593693182,-0.6513591002300798,1.9868073045595327,0.0243930698628384,0.3774680344914821,Class_1
-0.7544059595869338,-0.5411345867155244,0.4211791677214717,-3.0133647078794263,2.689516573273731,-2.4630839339869497,-0.8214962679037825,-1.173759376366899,1.3933203389191662,-0.1025067109126839,0.8173828824199904,Class_1
2.4684104340189648,2.4464635528692207,-1.9579124725251105,-3.1334822293525257,2.146040621529463,-2.12928764532408,0.1721567144279796,0.2303145764497697,0.5196732415571022,-1.0024354713204129,3.085451981103162,Class_2
-7.019789151037177,-5.815223328436229,4.791006397325309,-0.8766520899417805,1.1799584650096424,-0.9546585235935764,0.5252736527379123,0.2777609657412278,1.1451394053880728,-1.2804130129469635,-4.05299702264147,Class_0
-2.2235565695301407,-2.0970197212372303,1.7851922107299636,-2.6475776683864165,2.4937162733376264,-1.5895945724291778,1.4436678069725786,1.248191818085151,-1.8317847527865985,-0.5804113618631425,2.261866181319708,Class_2
-2.5052002179092936,-1.8657905589957544,2.0050532956738105,0.4942534348825965,-0.4537129838981405,0.8397805094822015,1.3044706657133662,1.2564203382050396,-1.3686249356534683,0.1299311289949994,-2.272693725043734,Class_0
-7.100918456791244,-5.621841096037194,4.6904564768360935,-1.018336826192051,0.6558781167348033,-0.2903537500007311,0.4190793467972573,0.6581800347172083,-0.2772758804845291,-0.7569122243044928,-3.5578723174603284,Class_0
-2.9240454282432164,-2.4325690675516016,1.8478707288218632,4.609488697531254,-3.920483096239653,3.4460510116507272,0.5574768851786102,0.1776420551429094,-0.1616647274031716,-0.3300735630278179,-5.400751535006985,Class_0
-2.957877599307089,-2.018109344783763,1.7079512549998932,-3.5729770111753902,2.979811595848417,-2.1856872440289323,0.4472457819615943,0.6540330350131164,-0.3444112215605258,-1.8857973544835709,1.2347112184838671,Class_1
-0.8486677104668183,-0.5007643090700902,0.0328100735995352,0.6921703282645101,-0.1704893252160883,-0.1719492120272642,-0.3468408745984317,-0.039808883785296,0.8487138340017683,-0.3706499204837301,-1.878607440050028,Class_0
3.3288028604245063,2.980626508780079,-2.281650937881768,-2.4914983248020577,1.8770416437802016,-2.177864040604953,0.8163260421071441,0.51658175319753,-1.1814348757221604,1.0235866466250068,3.891074306024343,Class_2
-0.9134878445065144,-0.7351146801240435,0.7190399701468808,-0.4662957808331943,0.8209277635650901,-1.1649326007059426,-0.7716024949442476,-1.3845201889937109,1.8715545473051316,0.7051803259700831,-1.3289535236920609,Class_0
-3.24064487676924,-3.030181392320045,2.1813942750735213,-0.1146789431665177,-0.9809084092297364,0.2153533024320475,1.2397082049002652,0.3446734762498704,-1.35885913882042,-0.0869219370271435,-0.9399881762655998,Class_1
-0.3271018288699882,-0.0752966060291918,0.1179706837391391,-4.166113667794995,4.095094510448641,-3.067224721509216,1.410386574907805,1.46529943980157,-1.0301998486340964,0.2436527250141632,3.831718994398509,Class_2
3.251992907090942,2.80426506939003,-2.297334131645965,0.1686990470040468,-0.3989600201829412,0.1444894469581707,0.4700144576496743,0.6415251911306197,-0.0222597480047159,-0.8282603955941573,1.662018653544541,Class_2
-2.974301586443786,-2.29606020733537,1.9972922358323573,3.805510954787351,-3.5482483173026536,2.6875185016736984,-0.1069499157426941,-0.3734065263993523,-0.4377709541699242,1.6244386832914004,-3.894932973504155,Class_0
-2.767439045343117,-2.1708905444442617,2.023712508881972,-1.0539354307805917,1.343045357489009,-0.7557637319111574,0.6227537620723319,-0.494126502297033,-0.7726530311380782,2.067762506513905,-1.1878722220304971,Class_0
1.795036057284447,1.309225656696812,-1.03095406725445,0.4164971121496626,-0.8163939678475001,0.5902016283939434,-3.516570473358564,-2.84526922905984,2.8825939827307936,0.1648236307059737,-1.3906287637648929,Class_0
-0.6930162688389896,-0.7555268521883994,0.4764192653882729,2.290250557157463,-2.0139334187568965,1.370213683513998,0.0820744591605568,0.4911740677597136,-0.1066503950073708,2.5906858360614926,-1.2067423580485777,Class_0
1.8868033184369883,1.7566437940346311,-1.45436091207519,0.12204103911465,0.0236545170528378,-0.4326261853112703,-0.2700532453927806,-0.1287078536489595,-0.0221246447484326,-0.6801823715353422,1.9580765266772195,Class_2
0.0531496957281438,0.0724948745613268,0.200729946412996,-0.8047629655762738,0.8765952456580285,-1.3423286249724165,-0.7340117268476783,0.0265737969508548,0.0214550017183679,-1.251079240068953,0.1378560302391981,Class_1
2.238630512980228,1.613934347512961,-2.02970825992797,-4.672929707146059,4.405749445581366,-3.613706994494621,1.1846183484904431,0.4265414942978056,-1.3602447069815016,-0.709623754094118,5.0254816882292745,Class_2
-3.1346490420236437,-2.310339237803588,2.1467253698543107,1.3372580055113126,-0.710373756612863,1.3735976926198263,-0.5837882947478653,0.3383436204756508,1.0126105004073265,-0.2194902650749907,-2.940275456299532,Class_0
-0.020132397240698,-0.2509280056075687,0.5382336977654546,-0.4609601815583031,-0.0065346457636674,-0.137928511625879,-1.4553070500756695,-0.8889094502841877,1.2827057898120726,2.3120665512029634,0.1979265563875306,Class_1
-0.788428089036136,-0.6726058806056522,0.1197053512599441,-2.322832796548732,1.60592866968173,-1.777974855669013,0.0895348116019596,0.1073229852026805,0.3551432968266934,-0.2811591274059594,0.6037682823750288,Class_1
-3.819809380945297,-2.6306210071749105,2.3835079572679883,-0.0906968511632135,-0.575012673078023,0.6225454558716673,0.4168252677369539,0.1244262088834146,-0.2905612279149959,-0.8596558128040213,-2.81443901841568,Class_0
-4.536604343212704,-3.691549385238243,3.125373697712432,-1.2986327057076017,1.4425102582069176,-1.0803452609303377,-0.5719400808376802,0.3131877858672489,-0.3874782335662545,-0.8984588595774368,-1.9497010205627925,Class_0
2.14623551833291,1.6248702617138988,-1.464014633360639,-0.9819705729265686,1.287468358082837,-0.2956547438544255,0.1575640106520505,0.3291561058289458,0.5869625579678377,1.1400221120432803,2.6035018747248557,Class_2
-0.9617974589706192,-0.8055357781340576,0.909179612947752,0.639037764291965,-1.1231186209923107,1.4006991764280974,1.4311407336817927,0.5642022891723852,-1.9099945922130608,0.9973017483090362,-0.4397192605128073,Class_1
-3.010669975196884,-2.5170026429873644,2.1390507661657194,-2.6906709334219188,1.990258581490856,-1.9879695477546329,-1.2824350199360464,-0.8282058595806815,1.306096835709873,-0.4854781863536103,-1.3289925211536104,Class_0
-0.279296155607006,-0.9268508085526752,0.2228179483561283,2.549438109512374,-2.277166284569641,1.0464805945305469,0.7484705304672378,0.4747336793269728,-0.6778720582244923,-1.8757841160771556,-1.888794506492625,Class_0
3.523338950212462,2.593428656004911,-2.0965832024647493,-2.4587990055145696,2.5670239287285046,-1.2952040293065914,1.2191928783760482,1.6229933152343543,-1.580923130238867,-1.1285935447092847,5.492261318171788,Class_2
-6.655191783911212,-5.714556267707128,4.564825832558194,-1.5009580396685274,1.3576639105734245,-0.8585054928403045,-2.901150248400713,-1.3947074879299906,1.6528348595613067,1.721243837499543,-4.323957119446566,Class_0
-4.30767046867185,-3.830749593898143,3.629250277571356,3.426830515348319,-4.081146590826184,2.7710588324476597,0.5397064236434728,-0.2244181947905662,-0.592002422225758,0.6888078845494705,-5.853221367341689,Class_0
-2.788814908875,-2.245440463530564,1.8760422705218835,2.3926586152242924,-2.1256315441177245,2.0256769126349026,-0.9172886502150472,-0.8513675836053403,0.6580930440528788,0.0654613755583051,-4.016258777874513,Class_0
4.660935146142755,3.935317745037802,-2.883301313742717,-0.5000204900713696,0.3098015803754227,0.3922119642006318,-1.148268700402125,-0.5076985785269669,-0.6194302360020107,1.868833173151058,1.9664192185493088,Class_2
0.8934530851043538,0.6260835111347594,-0.907267575753248,-1.54801419623763,1.627701625913104,-0.9519669007915704,-1.149173960083896,-0.7385411896383699,0.8690928607683854,1.9583262728115165,2.1837367024650014,Class_2
2.42842695989684,1.6538794021223509,-1.6433245463831383,-1.1226208507647586,1.399581579296995,-1.0257301860878036,0.2887623315321477,-0.2014900846534369,0.1503897971304984,-0.0359396019612986,2.270033841982793,Class_2
-3.364065179211716,-2.769189383187815,2.509797374612423,0.695940725344613,0.0628182724324515,0.2213786663495819,1.704205690187206,1.2076372267318485,-2.569091794432,-0.0175717605316667,-0.3783529288111114,Class_1
-3.309206284314744,-2.8804955215682666,1.9719803804690776,-0.4430431809937428,-0.3928256984618844,-0.3587697320763302,-0.5829180518337493,-1.589875338785513,1.9961608858746889,-0.5820466821120768,-3.2919522839584205,Class_0
1.1962907521180672,1.0805184166013004,-1.3271388683058118,0.0937020083104242,0.0757662853211763,0.0969106440704876,-1.7386846407892576,-1.8920577121936184,1.0487876528077844,-0.2846032874851351,0.1388793585230091,Class_1
0.3150931604753049,0.0727423975503467,-0.1100855676333781,-0.0918176792126282,0.0168902537881209,-0.054279650495792,-1.5275171425459055,-2.4195310826943586,1.3371343301939205,-1.4863249758001211,-1.6289046685596644,Class_0
2.2152753355739074,1.9323064971630628,-0.8233287362332575,-0.5280653788518523,0.1001217270411534,-0.2232094251372869,1.5852489768146776,1.501963728783321,-2.137047780856792,-1.49038637618406,1.7255939967421212,Class_2
-0.6379719877433729,-1.0293535425706166,0.3838182275961294,-3.294910510843669,2.304601317308741,-2.214190506804184,-0.5381635071471386,0.5119864150879839,0.4759472279011812,-1.7226588689059017,2.043706963104065,Class_2
0.8486301224488706,0.5982758403534059,-0.6235123734345227,-0.8542971123081508,1.3817499135250673,-0.8626122004471756,-0.0842660011206798,0.6956366552036639,0.5514606037848614,1.084337006919445,1.349571425003574,Class_2
0.385116201845875,0.3943754558506749,-0.6879357573584144,2.0320893234067503,-1.9395314830842088,1.06805517007512,-1.0791370902599224,-0.7537972118448042,1.4322675567862535,-1.5614022229125633,-1.2747102025617345,Class_0
2.2356981869423893,1.7491328496416187,-1.465083953629412,-2.201130254512468,2.786532558514616,-1.7758508711871948,-0.0029766665033457,-0.7900192716065381,1.3371208477236642,1.949962298706155,2.227971045673849,Class_2
2.7299147414571463,2.2424771628932474,-1.4817615421123322,-0.0766959442203793,0.2102545772611964,0.2370631455505854,-0.4803156435448004,-0.7974673859730581,0.6938632180645874,-0.7303778911994052,1.258697225009499,Class_2
-4.994210186720803,-3.846365566299515,2.88339748896332,-1.8176764562284085,1.4678652728225676,-1.424464818774796,2.75210730396146,1.6875754328196555,-2.0174969737193837,1.7373499067825362,0.4876327895294666,Class_1
-6.836621760695839,-5.630110042974274,4.721443600421155,-0.0784579162890317,-0.0318774474450286,0.3607648208370502,2.0580994569105675,0.7738747898246776,-1.4317295823650975,-0.3650543428654745,-2.677834132578756,Class_0
2.6877376282082617,2.4366950552928444,-1.8503516901245924,-1.1878137921903522,0.519972124048869,-0.4316855029691424,-0.2978234280113392,-0.8578435097897783,1.5663319490162475,-1.566186770920477,1.5934533057831477,Class_2
3.4116529348773605,2.9413235245969296,-2.148986998014404,3.396754633641179,-2.488937302906044,2.218924731434104,1.227663670875744,0.5098328486707266,-0.395371060411693,1.2837788980654694,1.013160615692746,Class_1
-3.403549037130682,-2.577754212195296,2.157951057393343,0.7797140230971478,-1.5257785874069714,0.2255662246077298,-1.4782993764102863,-0.6472897070769952,0.972269993657643,1.401865627633225,-3.3713265221043542,Class_0
-5.4531452797945,-4.669181773395512,3.850407354853521,-2.179537370863031,2.493157914923372,-2.4232638215545244,-2.0460775628176,-1.3334443190798857,2.0941408165114304,-0.9060510002670108,-3.23332464554128,Class_0
0.8570439073890647,0.2005872771388024,-0.093925462274054,1.4999776354860173,-1.9487694582761483,0.7334983345174982,0.4708641082435574,0.7828074565401033,-1.8500287947782224,-0.3316522665974505,0.9328158688147172,Class_1
2.719178920321484,2.390207894524422,-1.6879819884008196,-1.450332848045938,1.3263193232621762,-1.9106294376432704,1.752793448501203,1.058564350244247,-1.159254427129446,-0.9057959365609792,3.725127691397618,Class_2
5.059431980704896,4.682289322292752,-3.958940598693413,-1.2460532365231567,1.2948663640751077,-0.3726838015993352,0.6011874458452942,0.5039220232670257,-1.768156484331208,-0.120526694457719,5.917881721281993,Class_2
1.7288926491902998,0.9831788933539832,-1.3328070309272049,0.8258399141149189,-0.3781856443753065,0.5994246603735824,-0.885118828507182,-0.960677534000488,-0.1332558865029129,0.1078291474408547,0.3766860731875854,Class_1
-1.2605350815431162,-1.1919577162725248,0.5962318131334355,-0.9881360683113102,0.4956222118256602,-0.7481074965348947,-0.2014114824149077,-0.7496870990211115,0.2606047830122748,-0.3513830591154286,-0.1476775119601862,Class_1
-2.41952247864388,-2.6699560613330378,1.760297208835215,1.6749476452052674,-1.9580397882093747,0.5727011877406929,1.0777212888461527,0.934488118743602,-1.2703735471039574,-1.818891395390853,-1.8397239382111208,Class_0
-0.0220519345460256,0.2452275792660359,0.054724801320327,-1.3402186870323307,1.1875164986273214,-1.8001198915272332,0.3654213954596009,0.2171832943779991,-0.433491141604269,-0.5808793150900222,1.6429317547014015,Class_2
-1.0241572494723252,-0.6855809364155251,0.6634657384162828,-1.2810847379490655,1.1699685533718942,-0.9292393147524804,0.1352685051366996,-1.102721829297101,0.4883750261666947,0.7035187635540419,-0.0332333208772437,Class_1
-3.0807952283355857,-2.411352885338848,2.2535569737488386,-1.5522422207178657,0.5718876513734851,-0.2948848524027714,-1.6535903512648855,-1.482400219179792,1.8541988424568352,-0.208899542595916,-1.651115840738984,Class_0
6.297822304777098,4.76451456756735,-3.867812242010503,-0.9513294640718823,1.0141826742845026,-1.092983591088137,0.3945401345960981,-0.3970408579866223,-0.4869112763730541,-0.3274406275617058,5.661700706458688,Class_2
5.310021080065262,4.909158035900362,-3.744813825803021,2.1791874144070564,-1.885115987846044,1.9511166383660727,0.8030512062894704,1.6352602029016907,-0.8274376501672451,-0.9307765450307648,3.3857388427883714,Class_2
3.3088011101075443,2.6879089818522317,-2.224382145100763,1.4042655907479475,-1.2167444827598406,0.7752285977292184,-0.7573587878228274,-1.309358148765472,1.2816530233511412,-0.6100513691976166,-1.5730698753417556,Class_0
-2.8023175140231573,-2.260074542745005,1.6721344860738876,3.2837299505178863,-2.9203028268058127,2.58424967176921,0.4452852002997677,0.8474858378360277,-0.5262050477751099,1.4089481065819602,-3.6755209084263742,Class_0
2.3106869359916598,2.35114447591279,-1.7476880562652708,4.172552016394223,-4.014642319520798,3.826605652961408,1.0928670073552689,0.7339727365743183,-0.8432717102258607,-1.1397772568021078,-1.3201357046123852,Class_0
1.998285548952501,1.3523210847957368,-1.2148945451861046,-1.540911875110397,1.692794379658543,-1.6671586184568,1.709055938649029,0.2931620558862838,-0.8964941122739618,0.7208230966852296,3.408015350437437,Class_2
0.9702915538431768,0.9697829708819656,-1.566833663702444,0.60482167788365,-0.707611237266967,-0.1359080268273132,1.2514332126083183,0.8151967967689897,-0.52025525638286,0.0470552209035244,1.7819327741787176,Class_2
3.660171510258228,3.1689561112596616,-2.017081726159617,-2.0872651449082777,2.1571844944294263,-1.267975781021482,-0.4205530512386551,-0.4036315571775591,1.151982818841369,0.244810663121402,3.838337251764685,Class_2
2.057990470349981,2.30279612601937,-1.1574605502430595,-1.671555061108816,1.1137680603778874,-1.1504636542326423,-3.173519185420683,-1.4090449911844087,1.4597382670116832,-0.7323562810146178,1.4824873658765894,Class_2
2.2806523654995496,1.9253167764738448,-1.5991691276913522,-1.3502604124596609,0.9606457310017412,-0.5632019836783471,-0.718224397015606,-0.3357272693906641,0.368648202021229,-0.3517773660479171,1.8643557135683757,Class_2
2.0287829647139084,1.9938559960882047,-0.8883386156983746,-1.6996115145076094,2.04661603883782,-1.825569423892052,1.507819037000225,0.268362828350645,-1.3735147413052358,-0.0057201801719574,4.319937047061684,Class_2
1.009365089462556,1.1533968063032536,-0.7510690501014506,-2.2099235570670515,2.31859710624745,-1.085494936211279,-0.2806005769055314,-0.2661890252875642,0.3336391265742155,-0.5206669646091963,2.2152826984174685,Class_2
-5.116884152945447,-4.367025315161829,3.5937261365939785,-0.478335567944699,0.248293844303856,-0.1206570216932684,-1.3207413238691212,-0.8191046691409614,0.2038206399607945,0.3314321040365493,-3.6347670554766784,Class_0
0.4358030715856301,-0.0382462493812766,-0.2646653169006399,-1.871766434081878,2.356312604029294,-1.67290195840448,-2.303109226256716,-1.4994348184185182,1.9482150271537129,0.457439016123071,0.7820921257144461,Class_1
-1.5793476756978408,-1.1255414944182542,1.4427822851869183,1.669950613791104,-1.9491723287936065,1.3092606977066603,1.088630863380668,1.9453783373164308,-1.6746569507328954,2.172706623619921,-0.3948156590171667,Class_1
-3.6540137174573526,-3.574129979512063,2.538684974018865,-1.3049794762808746,1.725613441650036,-1.5535465498250467,1.1560535057794732,1.0106656802900884,-1.2223061510882725,0.2781900293623713,-0.011636802545777,Class_1
5.195534568783188,4.604760329171333,-3.333736418453746,5.199620366985784,-5.075195927476655,4.213764471471348,0.1705438170389878,0.8323942733430776,-0.8831280924667118,-1.9122426555188372,-0.2911894582962722,Class_1
5.099093319987733,4.372489679268822,-3.217234251166318,-0.7473134370934398,1.181260285923766,-0.8319832597428709,1.613461601250397,1.1278041665753331,-1.1526972885099638,1.16301908083868,5.404402858053226,Class_2
3.8088820185485694,2.7354956139144857,-2.6014133090990086,0.7653600635990889,-0.2917692982593209,0.4438675848012532,1.1651399781390457,0.7944019469445757,-0.2123317050584542,-0.2038706416361924,3.158807546971389,Class_2
0.8497126757361486,0.5529070183817268,-0.5212964467385637,-2.581757145534412,2.2591228468901523,-2.014081785173085,-0.4829413519780343,0.3783044948919942,0.0241250059757134,2.011925362936854,3.216438922017343,Class_2
4.161093209024256,3.540049757612377,-2.479172047433821,3.33298216857494,-2.7533208244899123,2.0353601074635943,0.0119934472349934,-0.1610079734950899,-0.0499459285259187,1.470924452505308,0.559965226939576,Class_1
0.2542539400331897,-0.0291230167553778,0.4835902846819393,1.8886757863263064,-2.042711363163644,1.091452713958125,-0.5999167271347532,-0.3192251307559569,0.1319123497343928,-0.5052673837115664,-2.3100008109552697,Class_0
0.4211275756842794,0.6857446449928417,-0.3421124640356744,0.9185346578027992,-0.8671009817111832,-0.1589775472079797,3.2584522633039463,2.7440934025639447,-3.3532186378878954,0.7219027838711753,3.2333686959485237,Class_2
-3.4617003232413817,-2.946184468083031,2.21029475849848,-2.9246435223513374,3.189734569790255,-1.803914058025469,0.2081906682620711,0.3041657842640931,-0.3998292378505989,-0.5939551477478877,-0.7730292107099783,Class_1
1.282953966758074,0.6659826680501981,-0.7598571922738637,0.392891187632244,-0.7027782089053365,-0.087026192393775,-0.3075634803257577,-0.9515273862874852,0.4561361669543866,0.0026908264146938,0.425619309664123,Class_1
0.1669243875026339,0.1331034702991414,0.1413140433174693,-2.6132127759722934,1.999165858366202,-1.577116547482384,-0.0978779630902307,0.6162391665827601,-0.4901225076535871,0.675984814353954,1.8271921804850977,Class_2
-4.28510867261762,-3.2487388752636823,2.4854646866623447,3.391778906975951,-2.5282330274443656,2.241333976332036,-1.9450147663593336,-0.9921914999170636,1.621812272120108,1.11300020604651,-4.666442116327515,Class_0
-0.0785697026989525,-0.2150888673070726,0.0467307116908616,1.9648550569240504,-1.3762652646263769,1.1911440895613372,1.7566367356402754,0.8710450820365572,-1.1221251000770012,0.89520582888624,0.0138220861060719,Class_1
-0.6096732745682164,0.1074988770185269,-0.1480294621117113,0.1814026522115329,-0.2287133804798446,0.2966003789154334,-0.87778022681308,-0.3947454144744912,0.0686822822539328,0.0749896319128278,-1.228370694634494,Class_0
5.203632189559245,4.281351072826836,-3.831895905817275,-5.218996007170723,4.330048082687288,-3.5991572568892995,0.7102232113676591,1.0234300953719186,-0.2920601066464854,2.4834239000812164,7.517306818148445,Class_2
2.95297626011225,2.313824723116611,-1.891986657566413,-1.5060598425452716,1.699669201699869,-2.4235293779618785,1.0193701595972298,0.3074828482531866,-1.0823166224329723,-0.3650204065270893,3.759366999477077,Class_2
0.3993121208358211,0.0456060905195713,-0.0340782769950165,1.2657427450856007,-1.572750194457182,0.9183728631028372,1.215998919360227,0.755221687871086,-0.6078817982838667,-1.6072006316992975,-0.8538244731379218,Class_1
0.5032306557088566,0.2327892864686866,-0.143757954448142,2.094205931201056,-1.5381248807748622,1.9681116345069345,0.1776059859353426,-0.9298040136605984,0.0271564838095749,-1.4146992952093247,-1.4104987324716096,Class_0
0.0667588268300553,-0.2192266006566329,0.0187738047766487,1.6897042192425,-2.06250293599985,2.237853701002446,0.1061152132337083,-0.1503927757021919,-0.7024355874299311,1.4740077301223429,-1.9422662274955165,Class_0
-0.6002174497709021,-0.5043072079267115,0.2234122675531367,-3.377815544051044,3.0447027018815485,-1.797759337558309,0.0111642346982896,0.6854093776986355,0.6471421436863776,-0.0766529198468045,2.072070562052714,Class_2
-2.891036206648547,-2.210767993798976,2.0192582977037508,0.1667131768668262,-0.643190009567709,-0.0247742195354836,-0.2908742391337714,-0.6503582594398987,0.8403459766490156,0.159057498054092,-2.8829295644345656,Class_0
-0.551729422385668,-0.2328122410426204,0.5770534918599894,1.844184182009012,-1.934356491375918,1.4008689699649235,-0.3089731499298593,-0.368559728464337,0.148352674813611,-0.5425238799243368,-2.683116519392,Class_0
-2.333671574564196,-2.2966543479174417,1.7175185830308652,-3.093348511055176,2.848370919247146,-3.035643533171167,1.9523156082644335,1.6367778165952638,-1.8617134997438385,-0.4527024792991899,1.3498447524670902,Class_2
-3.4412015050768665,-3.903410863587701,2.506261059891133,-0.1284290799390426,-0.4507256087249497,0.5201030032286744,0.1641496827240483,-0.784272375040902,-0.5618682942653038,-0.7870958609492948,-2.420125384859777,Class_0
1.4587076130989525,1.4613179346199316,-1.110948922202836,0.6543928112510258,-0.541102658991452,0.7652632703146771,-1.6728013780782045,-0.6783787221085937,0.7387929963865488,0.4711508133300888,0.2490032916859332,Class_1
1.3182343215929964,0.9541082791010376,-0.5575427527255413,-0.8185295675531393,0.4192739564282938,-0.3284411168679912,-1.3342961764681212,-0.4389826083908344,0.3748345656514262,-0.0973799175371006,1.1857465006279824,Class_1
-5.655551127126719,-4.181452286042603,3.3747495973912187,-3.684772990893134,3.685348692477596,-2.720109581660729,1.29002131871609,1.7352620019269969,-1.7404519036164492,0.4350053778034012,0.3607114957204891,Class_1
-0.4023004613038469,-0.5268910739156785,0.323775354601759,-0.075125973521651,0.227246562857357,-0.0053262799882771,0.7316584067246132,0.1137496374489012,-0.4324864029970151,0.3394383853174832,1.5700215845204162,Class_2
2.6551847900344896,2.5768065892144407,-1.5368709736211807,-0.759156683918117,0.4160056211925867,-0.0669943272164874,0.9043189514979916,0.3516805338289825,-0.1056432201776924,-0.4258787336328963,3.4291582032338206,Class_2
2.9665844604978218,2.859602712997768,-2.07737634134235,-0.1808159778096107,-0.003001811840267,0.183207037008011,-0.3010186778183476,-0.6031113953482585,0.2723291227829795,-1.4587306253027874,3.474453223694228,Class_2
3.245350799686169,2.4527261976614763,-2.2067955816227984,-1.5966010190906703,1.447007683968668,-0.6853691872138135,0.9207809379892185,0.1022615016790988,-0.7529574703287868,-1.5457995959993576,4.90589439846291,Class_2
0.1067585424870368,-0.0092383753041168,0.0042473267313879,-0.4299924697578735,0.5365993423782398,-0.7867481346921579,-1.2705114577652918,-0.1282439216297518,0.8819110782984304,3.026651591695066,-0.6515555501177546,Class_1
-2.598957132018048,-2.10629761214828,1.5960889121352326,-0.2225745533774153,0.2401612616424012,0.2089342676856782,-0.3158346657784073,-0.22299202741087,0.2777198494823347,1.47817344442331,-2.936791773112378,Class_0
-3.400846406870365,-2.573577981755069,1.8885744859654383,1.2000693049113726,-0.505369846923686,0.9492965742938568,0.6273426896869807,0.6505971600819626,-1.4996566226233945,1.3401825668912142,-2.0589316211806485,Class_0
0.989683499602816,0.8579287607479159,-0.5490026041262936,-0.645807614441006,0.5041312997173785,-0.5233632586421867,1.2038763884514374,0.5797115505701438,-1.2227766414458754,-0.6746068069868952,2.097388311861128,Class_2
1.1980627365156278,1.191699170352779,-0.5349931886203816,-0.6358240472297618,0.3243247707802629,-0.7374105141439874,-1.929605832086292,-1.1090096921338812,0.9615264278466712,0.0095097337631202,0.5495630800188249,Class_1
4.058576576107549,3.1028439816959064,-2.6368435576246454,0.3860118046722163,-0.5754834264871316,0.5351907017270605,-0.8873077040739391,-0.9594950785807956,1.0403537359901118,-0.8153627923831708,2.103500226530463,Class_2
2.7749096142068903,2.4178503244894314,-2.2754064355034216,-3.977563953644178,3.715577886050151,-2.29893325077341,-0.4571571689827532,-0.4079462001836371,-0.1158376809441633,-1.3120820951658907,5.033173874078479,Class_2
-0.5630382044460782,0.1636722007003647,0.0721442348379782,1.2816421851814717,-1.2368414346475818,0.4532641675195189,1.9179477323146932,1.4500273201764788,-1.8145978601416144,-0.5887735203757009,0.053920514126515,Class_1
-3.700798388144807,-3.261673131287785,2.4584246376282257,-0.2288216534438475,0.1186215581392995,-0.0930264820912292,-1.9407071207830933,-1.8676913246829527,1.497190487602325,1.3261849634295788,-4.291464673538018,Class_0
-0.9770924142251508,-0.9398770134566814,0.5257395174371575,0.3127673192033865,-0.0371436149294323,0.182366866655487,0.4249515229239721,-0.0526190369478831,-0.040079135893583,0.8407453669239697,-0.575171316793837,Class_1
0.732368832936919,0.5266271567582655,-0.6366689269617004,1.8044070269389687,-1.616182008376727,1.6114111106037097,-2.3095160873774985,-1.1764204958938436,1.515014018333868,-0.9700480016220216,-1.6857175649990903,Class_0
-0.5527416789429014,-0.4884128360600149,0.7826002568587294,-3.8007636755068783,3.656543396440613,-3.1120515208068253,-1.0301547301082643,-0.4749421021257276,1.7188477145381618,-0.3148160501574753,1.7742216611402126,Class_2
-1.794655896831649,-1.5414061808162105,1.2490867795052132,-4.086265640424205,3.2727997304207643,-2.30151858416803,-1.0378655118678104,-0.5506444619745003,0.2458175118001003,0.749123171936581,1.368935502723388,Class_2
0.6532838057122613,0.6278535631874951,-0.3912906083339273,0.5626004830590178,-0.7855053752867576,0.5584391109260892,-1.1825134119663463,-0.4361111693997038,0.591942575824329,-0.5709713951873373,0.0437656092271825,Class_1
-1.5609735221789316,-1.2698349113835696,1.1845953966077063,-0.3366418207645616,0.2272884794614491,0.1753089102719198,-0.5934898571374604,0.3830331450670551,1.7188631985085303,0.0795862448327303,-1.523675150628409,Class_0
-1.6544497812115733,-1.526460377558233,1.410339410802709,0.4146209817905026,-0.4951218809147969,0.8708748433170121,0.2327678098756855,0.8546596577795881,0.0697088853872643,0.4018474470648119,-0.9472766586148552,Class_1
0.7879569163291759,0.1892602210117698,-0.7055276591662221,-0.9109977998570152,0.0067841877088574,-0.8503621815942748,-0.4660643116704182,-0.9033660860194148,0.5617289075832296,0.390930551844131,0.4281387119435542,Class_1
-1.2185390850164055,-0.5347623735710498,0.858495684852703,1.1666612822581206,-1.0012100242667166,0.9655793546050996,-1.5138981358730828,-1.681990673004161,1.2139343654393076,0.2541454276902858,-3.538663457734372,Class_0
0.7689816097347406,0.5734388940622409,-0.5420148748088363,1.8487692960651512,-1.9896283038046465,0.96029548432911,0.9310791946730044,0.2781213404737001,-0.2465500268914601,-0.6536971737825101,-0.1345392795025833,Class_1
1.1316822545312597,0.828165711992053,-0.4587153207489134,1.008165930753427,-0.7310273657411727,0.6656507756385381,0.7940905130786694,1.1004065264228882,-1.2918000183343967,-0.5509745875188153,0.6248765696284575,Class_1
-3.4783486549219864,-3.1930978381124424,2.347196179374782,-0.7065640327887,0.8873377799233404,-0.9123673209842516,0.582581441202277,0.5994451591901244,-0.7566433742856872,-1.1336498515206253,-1.645555613599846,Class_0
-1.2519620403940444,-1.3208528749758428,0.8859501955579839,-4.254006347947707,3.7988696348845097,-2.899786807453994,-2.0249132642170977,-1.2907913491991538,1.5053858173671375,-1.5613365935022725,1.638261937343227,Class_2
4.559726700402392,3.4263633832110525,-3.141413624417285,1.23680683380578,-1.0858954249677713,1.3008531745801897,-0.1698375710294872,1.0678132706380894,-0.4045444728737749,-0.1147487416902289,2.923302494729666,Class_2
-3.4989893912009906,-2.537767840708581,2.353406436861676,3.147177244123488,-2.1529722950308066,1.7356187418629,0.4731084161175403,0.6041950525020461,-1.3131496488316392,0.8162596145871915,-3.9298960465697834,Class_0
-6.392107142726946,-5.438089524135298,4.192455000379602,1.6068524220304157,-0.6839763431288199,0.9316893202397232,-1.2018717339522853,-0.6455823728926983,1.6715731639771017,-1.3802823941539468,-5.281457834303104,Class_0
-5.651346194137178,-4.465092886371256,3.3456158569432715,-1.6773566230455477,1.26472423663438,-1.0529503957351132,-0.0361145371978139,0.2164242230840735,-0.1212094953676527,0.2729732441242571,-3.587954152888421,Class_0
0.0361652128814911,-0.0898302467266257,0.043312460624405,1.699222665578524,-1.215294402726911,0.6131629600901725,1.0863712407854715,-0.339926921457709,-0.3581425537158111,0.7846312133833949,-0.5074288802375785,Class_1
0.2635998062134633,-0.0358615398317387,0.1312338663831573,1.1272836729177576,-1.3470049928181618,1.3622533155505512,1.6722625512799132,2.081600285408181,-1.5252894856090538,-1.8367337688213456,-0.184120864586368,Class_1
-0.30663057082426,-0.3554146798629738,0.740893005892032,2.3503285742479694,-2.862992773141368,2.5830528039591893,2.2593557560823747,1.3921661096712414,-2.318600365928752,-0.2705811001362188,-0.5458129119527424,Class_1
3.689627428619479,3.3564358540285792,-2.5066191585211355,-1.872007166980887,1.9226635626061248,-1.9379608134344708,-2.566720516477731,-0.9619688394195104,1.9646349493555093,1.6462102004583734,1.9304214365564465,Class_2
-8.24354800138478,-7.154549247514875,5.237926486896062,-0.8664784121689096,0.2780063903262151,-0.0999535748205009,2.837598056485607,2.009553919071543,-2.4067531534470423,0.5519410177573731,-3.045089152120674,Class_0
0.994303607817424,0.6609187972584509,-1.0137519549494955,1.4235624449524116,-0.7242783465695529,0.5349862145736343,-1.2371081382300624,-1.0148902372524296,1.1963620254983844,-1.870457149062288,-1.4662787030471145,Class_0
5.113003970366115,3.416769213086479,-3.081148022309745,0.1765171350547852,0.5333211226929895,0.0449570378092002,1.5147599636861662,0.4472108354439665,-1.9573948439597824,0.6583394624116107,3.71435958302081,Class_2
-3.41890743973288,-3.0913274421696477,2.2960251658950988,-1.958530854600366,2.0958112825604847,-2.0831782895102413,0.9847309613493084,0.503744418450699,-0.7894050985589891,-0.7477367942283288,1.1117902724496913,Class_1
-1.294373934485357,-1.1524162922727643,0.5973537566224404,0.4877533747708419,-0.5805289589416804,1.1228607302915596,-1.2713561122326316,-1.0668269330890403,1.055013744459936,0.6913069300927593,-2.232058530889993,Class_0
-1.972455918568003,-2.285850106594149,1.4707978580564738,1.2772124734783548,-0.6840895101799088,0.4630000817694283,0.419794167618031,-0.5285984087090556,-0.674206051944342,-0.6900817666007739,-0.9240112381457948,Class_1
-2.6266764284958755,-2.419402051847489,1.3929589587771862,0.1802427006076737,-0.5144924330860137,-0.4456221176913809,-0.6894611907421604,-0.1901133063096961,0.0746571391025814,-0.053032444411965,-2.19956971261083,Class_0
-0.8631550316962155,-1.3193336327909535,0.8377993596127293,0.5434226473398137,-0.7888528732972366,0.3760506403286267,0.4043550568416258,0.2957073092725448,-1.2537761226720625,-0.5375427685629494,0.2074449547933173,Class_1
4.254846435997208,3.314216028269341,-3.0091064193034427,-0.6733433885975403,0.8425962971916047,-0.5328548955358833,0.1240320768232237,0.523609511587296,-0.1768711667539672,0.0031577227385055,2.6147209585457034,Class_2
5.4484254083472,4.893571788696351,-3.681704621257636,3.3714984133907544,-2.5787055424270067,1.6908065735417126,1.46513773580685,1.2458978321759526,-1.861729983390996,-0.5672801739110117,2.2711720080080533,Class_2
-1.041734949619901,-0.7389510450300936,0.3865397658207396,-1.832436961954271,1.5532943568888808,-1.1670029558648176,0.3140583666652047,-0.2151953836082626,-0.197275381283321,-0.2235382415544778,0.4714244673428905,Class_1
5.438633008133685,4.809517453204308,-3.926591148021255,-0.6423868584764272,1.0605143638391503,-1.578005816003056,-0.2952874871959851,-0.3345069662540428,0.2471672489842266,-1.1756050083106775,5.325655117132131,Class_2
0.089143949069895,-0.1617534466082164,-0.1270711846727552,-0.2151455690496158,-0.7355863660587669,-0.3462060701128052,1.2144065740760777,0.8926105943431033,-0.7760558211678528,0.4906595954139914,1.0241504631417426,Class_1
5.320279695511767,4.000206326991521,-3.509640222794328,1.9807562573884512,-1.639285944198707,1.1171046469040644,0.0081498944355027,1.1167389901630826,-0.9662808252883496,0.175285208643925,1.6092261989139578,Class_2
0.0901966978082755,-0.5180356430172997,0.2825438024114859,-3.012646884357232,2.4693576844121994,-1.9652819178875056,1.094069880087606,0.3297101827062222,-0.2243597850145811,-1.6165321741041512,1.9898483439297507,Class_2
0.410373291139476,0.316842108391357,0.0256993646049554,-2.7189162245309078,2.6339556396623154,-1.5120311961935555,-1.0758631615703325,-0.8860322710129988,1.1097866408905157,0.9929166602019271,1.1895603142438698,Class_1
0.6295880094864428,1.1307303765387535,-0.5844067567317979,-3.885762413329172,3.966420547437694,-2.670618975037426,-0.9554660423862588,-1.392170163905487,0.9780251625421073,-0.1762879596544965,3.418356628825051,Class_2
9.517763951545682,8.172726052702668,-6.165274450105821,-0.0243615932503352,0.1141526647830857,-0.0046029887818752,-0.1546905927615635,-1.1037657207019054,0.1809946510169306,0.1617623962359098,6.256990548081141,Class_2
3.1017575511560285,2.285867027732806,-1.4133503277009505,-3.035201235560286,2.1315880656115214,-2.5270166114881203,-0.8201516734939084,-0.4359377976623318,0.105377051356479,0.7645616720291858,2.733173050474363,Class_2
-1.948520342857383,-1.952550540895645,1.5284706362074667,-1.6879606569881256,0.2429861734161698,-0.4400266076003796,0.5341146100771402,0.788740674216907,-0.7561176549049501,0.3282422423599839,-0.482999376762507,Class_1
2.7448158220658563,2.428632133790642,-1.945337179675515,1.7044830278686307,-1.0132878178060123,1.5067680935661767,1.1645014151183428,1.3914903863987873,-1.3684961151397823,1.1652031584608995,2.084909816374422,Class_2
-0.967276308366913,-0.9849169752201652,0.925487455419694,-0.9140079042017843,1.343596281066139,-0.5304874384395211,-0.046675548231425,0.2769463425116115,0.6503860405983266,-0.293295522205411,-0.4502167708363137,Class_1
-1.6176532336815754,-1.2746728981267104,1.1941022229947496,1.028766329363513,-0.0427498448074372,0.5089551875253489,1.5908948220905346,2.2466738027546405,-1.845820452638096,1.0344293862270395,0.0471463041171932,Class_1
2.4550425757669623,2.7807853739702315,-1.6874895521910154,-0.6039342899880973,1.1742711776821588,-0.8653328291460415,1.416547908766426,1.2020733473721783,-1.865584725162432,0.1229246178073208,3.547244094859026,Class_2
0.0235828906666439,-0.3627860898230212,-0.3530966949495261,0.9564381895935063,-1.7175739692450689,0.8243140213747101,0.5174915839596126,0.1148471992420024,-0.1742882675428677,0.5076334245066914,-0.8885759605153007,Class_1
0.8540330313831904,0.63777058229895,-0.7254438596425417,0.8243809819007171,-0.9717735689118798,1.3895271405829992,-0.7872388159739699,-1.2597931324420797,0.6296622058335748,0.4036291727979042,-0.6142147067099755,Class_1
-0.3324754348908018,0.3379002814622703,-0.0829412645366817,-1.380440037740826,1.0228006619670045,-1.5337558813943617,1.751936123191785,1.6964702514825163,-1.729494317031573,1.240730325309526,2.377219484078274,Class_2
0.779917521708577,0.4749849427552022,-0.5172420490636895,-0.6394149740864381,0.355325312636337,-0.654722059953314,-0.7348472873383659,-0.0075019193470318,0.4615148181546576,0.7214123735592936,1.126039749867092,Class_1
1.2769648049449185,0.9014778872738104,-0.8542010786864104,2.582059212333149,-1.8747175584314784,1.895508139488591,0.3339495098689504,0.3740551987921505,-0.0918899834065824,-0.4429454803098462,-1.2818022988037103,Class_0
-5.892535433314037,-4.974676956155449,4.101307592100944,1.458604604401315,-0.7783029883814183,0.4391595696992108,-0.714456908104433,-0.7612942107412717,0.4219513124483152,-0.6412670439998478,-4.42843220101288,Class_0
2.078680260057819,1.6106092410103376,-1.0700980114702108,-2.6504399052832097,2.8228130123723885,-2.509057379398315,-0.9820119614085134,-0.660169618056798,1.0608280424902847,-0.0497541475948327,3.2300568275591424,Class_2
-3.188991924952614,-2.854037839477306,2.2038729333960423,1.3079769983333065,-1.510536773462724,1.5182170043101295,-1.7019044237067351,-1.239695640102186,0.938263777232664,-0.7601014410792472,-3.961901765387687,Class_0
-4.1840746569675735,-3.456926323814018,3.12570638401488,-2.557711338414806,1.639962680167447,-1.4655463413035583,0.0038630174516794,0.625195507159034,-0.5394200559408209,-1.0521922013263472,-0.4507797531228847,Class_1
-0.4119855509880863,0.0205437109815799,-0.0905762932143787,3.288956308768827,-2.8497911072592235,1.9851391974094963,-0.9076485909113152,-0.978367311783168,0.9257137899766408,-2.1280524692980416,-2.9172725944810507,Class_0
0.5804898703308888,0.3370463395406226,-0.0714349067377533,2.0710897229367635,-1.951476187941641,1.135127067196707,3.8772504849459706,3.2293079655185006,-3.008325421103138,-1.5492627578287104,1.5251050131963515,Class_2
-2.4236701505925056,-1.9513588300034723,1.2655065209534784,0.4930216323136179,-0.8903709214266753,1.1514205112285794,-1.04842733301078,-0.1573431927600265,1.4370052613285744,1.985406361111524,-2.6580758451222186,Class_0
2.274584718927241,2.09920734186676,-1.9918769816077884,0.4588179134747481,-0.2975905648249293,0.2272911285929774,-1.461912669539119,-1.5757818380022792,1.3023412698373016,-0.6565002496297772,-0.1536621710307425,Class_1
-3.9430513385063546,-3.58029797581954,2.6268561063306466,-0.5937779707515957,0.3266110024600959,0.1755164378231929,-0.1787079588437067,0.7473024358892802,-0.1481954305705092,1.903460299821145,-1.5525828987683008,Class_0
-0.8879845960181493,-1.1005085371242755,1.0788348906705685,1.4011104547366018,-1.457297646719775,1.330557667713346,2.346008599635409,0.22524207053441,-1.7992971059091132,0.4031546011555798,-1.4252957652252096,Class_0
-1.691613797575768,-0.9238183555397824,1.261896671889694,-1.1742963941778213,0.9295305812485696,-0.7384828007752243,0.2419166553488981,0.3255746710418828,0.0278142189935381,-0.0497580216361049,-0.42051941797414,Class_1
-0.0271902269815398,-0.0925443314492844,0.4967364149998571,0.797265898055518,-0.44187592563783,0.1738254157134174,0.2053631724765382,-0.233043668448155,-0.7539264343977443,-1.5006051168212338,-0.1808468355121897,Class_1
0.8401002342763281,0.4002790676213035,-0.5222825402408553,1.7125454206982005,-1.250687650525471,1.8141117640560485,-2.527362117013761,-1.869179614872542,2.212605281173865,0.0046688955760488,-2.4490737893040224,Class_0
-3.228958539693673,-2.474648538892883,2.505346449965671,-0.7759728288609757,0.952736822984732,-0.3308287488713923,-0.7205241711123118,-1.1349702558242902,0.5946667872058385,1.892183766968229,-1.6290909455490157,Class_0
2.074820362720809,1.472757712124743,-1.4130611098090462,-1.292726333333875,1.101888465513844,-1.5812097016282989,-1.016425197645778,-1.0524987542035686,1.8399979456279507,1.557636744016739,1.1593177861794477,Class_1
-0.0533748389921561,-0.1422466772920036,-0.1215086774386521,-2.4295908740841115,1.981023143899513,-1.5991251297429214,-2.469240162476538,-1.3700237856059616,2.891495529832925,0.2742386526975789,0.6576192848616993,Class_1
-5.931580753491105,-4.990146417266974,3.528014489039521,-2.492640720739932,1.9139369808664648,-1.6391343008425252,0.4705864437802943,-0.6376430948693109,0.2208970442481263,-1.148668365905016,-2.065200883904452,Class_0
-5.795424537327144,-5.007555964041498,4.139295428852615,-3.4288635309775617,3.5047809524343183,-3.104256074190731,-3.408499877572591,-2.162336735255646,3.0836290435370888,-0.9571653452491524,-3.2774989866262545,Class_0
-0.261593475205526,0.2034440165740223,-0.0757864399294733,1.1969055918241318,-1.4370920899090427,1.1863543166743131,-2.003618763742453,-1.3953238770051266,0.8387297703525748,-0.8525918433924603,-1.5080487572287162,Class_0
-0.59899115201439,-0.4078187449616754,0.3125251076909627,3.471902372205773,-3.100522586988588,2.241012936278918,-1.4703781567529348,0.1489450589366736,0.022362076104762,1.2781549273627004,-3.4826701787578496,Class_0
-0.57062489116812,-0.1278014518747516,0.4630863399017814,2.850972042765372,-2.8094161865602723,1.9747340410793237,-1.3565050602891688,-0.5754528492158546,0.7857901928936988,1.6317204361087592,-2.694461844403346,Class_0
-0.024670765567303,-0.3446872827231805,0.2876094468196274,-3.215801722146226,3.154667249184393,-2.718592539409263,1.0789210764661192,-0.1141191933230081,-0.4195569663242235,0.1958928349675855,3.4085829863922035,Class_2
0.5789430047379496,0.4285710099165396,-0.2247094055782256,0.9378802610470722,-1.478710156994738,0.9123550648797004,1.189817124117137,0.0865044211000721,-0.4154211783325943,-0.3030804355231535,0.3083910931052317,Class_1
3.124271936275028,2.4371243013415462,-1.967737446507596,2.774970940200708,-2.304287467893687,2.108142052103638,1.166394682414725,1.4268605666961238,-1.640032720382184,1.5487104966609837,0.7670714184877241,Class_1
-3.268570923636861,-2.934842248640999,2.212014628774066,-0.6750508958842141,0.8405509280596948,-1.040663302774916,0.6474887963477919,0.96289148615102,-0.3669854234544873,-0.9785735408649548,-1.08641694506188,Class_1
-3.268758200103556,-2.999520592327261,2.33197230626242,0.0893934509429281,0.2736807448472299,0.7027838060807283,1.2803193868932796,0.6594381254630741,-0.3932147749547445,0.0518233276003659,-2.298315994056165,Class_0
-3.4311009169471864,-2.622969971585969,2.3431513519092446,-4.083205627873337,3.267987173572144,-2.839190444519062,0.1870338763223439,-0.1085547753613843,0.5145053116790086,0.4629659995461305,0.9270024906648704,Class_1
0.8779786695549542,0.6350984976214418,-0.2671204006385678,0.582194151206101,-0.9229781343515152,1.0282013118986812,-0.2610320596756293,0.1790765513717435,0.1003957166162519,-0.8628006071763994,0.9677947609344802,Class_1
3.538624704316081,3.16888334389162,-2.4162654462532096,-2.1649075886335347,1.7295423391898213,-1.6513675833293828,0.3848167719105476,0.2451695608649499,-0.4722172300528692,-0.6359142213913074,4.671602722676964,Class_2
-1.3767393632674152,-0.680166481593884,1.2576570935504927,0.0901153851067477,-0.7747263166510201,0.1073760400632836,0.7439452666493305,-0.5565938348767528,-0.4930213154209831,-0.713737579187603,-2.7710980703174206,Class_0
-7.557520377027889,-6.297214310145885,5.182838571925921,-3.133309681477832,2.3953447916115014,-1.7263589182107606,-0.8949171996318337,-0.6285235650813539,0.4659249619631683,1.4167268559880857,-2.544319675556414,Class_0
-5.257150231968555,-3.965147704096138,3.3610258463978675,1.3839383999569606,-0.7906795759217099,0.611966427760499,-0.6985410009123414,0.2564814414403566,1.2079220025103488,1.914367277057088,-4.02247751202109,Class_0
-2.742210740157174,-1.942749290163189,1.831815726817818,1.7336725666732524,-1.8453764537918391,1.474366805443841,-0.9757926156033824,-0.888260353321439,0.7585189931601397,0.1147925302365608,-4.007500274259187,Class_0
-1.955890127216175,-1.7611327171097284,1.456645830732184,-1.6787042902760807,1.265819458076024,-0.9227531988986912,0.6191970996936792,0.3381536947344791,-0.6457614120303893,-0.2682185870427874,0.8907863191369467,Class_1
-1.6931155049056588,-1.296505825452697,1.2164350511777198,-2.688334560001392,1.9303718673471528,-2.138587905019699,-0.3628198273819755,-0.0284033979352103,0.5463381551352366,-0.5998410749932962,1.1273771855347623,Class_1
-0.0955259237579403,-0.1119461633151814,0.160216022957982,-4.029631499952859,3.701670177292064,-2.9850814241471944,-0.7650227474633357,0.290400182311762,1.1989655459986797,0.001746313450329,2.4379044131363794,Class_2
-0.8097402131329725,-0.9930745562893136,0.6286275523764941,-0.5605345302017177,0.9746551116810318,-0.1954488279551546,-0.5515179696937353,-0.592470428825349,0.3893085789471305,-0.5502217514367896,-0.1180176578829604,Class_1
2.828319125227565,2.6007765898318147,-2.1420178718979983,-1.418247758644969,0.8262173694139783,-0.4281270401091662,-0.6678977438338873,-0.6517807135711051,1.2268447552660984,-0.0970302423552207,1.3690126787299342,Class_2
-2.301676486294767,-1.5363822521829664,1.4672485120750156,-3.0743591446531564,2.395194772801509,-2.015013542468533,1.1241118577107274,0.6416851382930011,-1.2774876737214935,0.4132328230039233,1.728945244629637,Class_2
-2.228774164180046,-1.842005294512677,2.059430818005296,0.5449574481557075,-0.5766185761160106,1.1345205579754072,0.0778222773019199,-0.0330038016223877,-0.0586036848605301,-0.4053129427903681,-2.419771074179956,Class_0
1.309327405591734,1.2742326184824244,-0.870997252598033,-1.2099894231674202,0.7452200003520223,-0.7136032379749173,-0.4243790850961197,-0.7714989283718291,1.3905546899111942,-0.1895880626140975,0.5297475580848905,Class_1
-4.542717007945391,-3.950525063828601,3.1621905142260007,-2.589511976245999,2.547956832206784,-1.91553854951532,0.7505909562031838,0.4180397979020626,-1.2110135330134566,-0.1854544850723047,-0.6589450683782928,Class_1
1.2975385452601056,0.4536689523925369,-0.7691038397765859,-1.429178582548114,0.8403686385145641,-0.0933637135314938,-1.2022797848581197,-0.5858910410561188,1.052359615668585,-0.3175634347261389,1.8180674210517056,Class_2
0.4401647771350566,0.2740303531700016,-0.2706845799787762,2.549810353059173,-1.6745529161462709,1.072613342961735,-1.587701162151094,-0.9106301899857014,1.5878111892819795,-0.441447877016211,-1.9031800066209816,Class_0
-0.7467903158761142,-0.3621636763716707,0.2624580785075512,0.9859383881256656,-0.7606272995796084,0.4051258380270007,1.6559367570981254,0.5989542358604663,-0.1928676636153352,0.762196602936806,-0.0204804567229039,Class_1
4.718616385467889,4.016422456257895,-3.149467017249419,-0.120184586201536,0.0776461610366806,0.0027557219303561,-0.5000975333994615,-0.4833516782240464,0.7183390422710738,-1.7707360289764424,2.093952461453221,Class_2
-2.1902677897878324,-1.0289585388109617,1.5880348898374004,0.9873196109429286,-1.3372652636094453,1.4974026445593511,-0.5294851712694457,-0.0845157605255375,0.4110215713779623,1.5742798590012634,-3.1681678408923064,Class_0
6.6701580833543,5.460894562858464,-4.168539096754317,-2.093963789044512,2.3120514807754016,-1.6750251385101504,-0.5299413248349226,-0.292724401210838,0.1845878684623017,0.1355294632029971,5.977992851786992,Class_2
-0.995269400487418,-0.3673133935077517,0.4613853136384747,-0.2430843988253336,0.1142013940655242,0.3983114459863178,1.3477593692407883,1.466495817557086,-1.3917066402240106,0.6100175759865148,0.397535808143577,Class_1
-4.040617378684648,-3.4330603949434706,2.3809573578591547,0.306413039301468,-0.688363225088925,-0.4775474588854796,0.5173067195661086,0.0471869536642096,-0.7401502692936731,0.7250777831488756,-3.00802646672627,Class_0
0.0016385720161749,0.0465502651878773,0.0034870513049804,-0.9238176240367691,0.5071750244062923,-0.8795954995114883,-1.932587383989965,-1.145254438866423,1.222820369051314,-0.7080591600305712,0.8379618225489728,Class_1
-3.528067696300881,-2.714324152529046,2.4258262363811927,1.5692582728428133,-1.5447540062077536,-0.0026942285640139,0.5547535354133076,-0.3137698186191237,-0.7007821481510883,-0.9143585561792416,-2.317646224698348,Class_0
-1.9847487614891917,-2.073241400536339,1.828411264818352,-1.371739322894853,1.583396274553653,-0.8975063465866459,-0.7369815619774132,-0.5859357286409411,-0.1034382875320283,-1.032269284653827,-0.4496469224742937,Class_1
1.6755894802631728,1.1176993812850071,-0.7533936950918402,0.8417702112534537,-0.9962254319377358,0.2232000973580218,1.986426937580261,1.847768540834641,-2.10593044460021,-0.2470680298285884,2.033621656064601,Class_2
1.571596442087851,1.4781824339292382,-0.9962933206444023,1.309232232157738,-1.0419909150489102,0.3805515611855114,0.0978255354101341,0.697130257722886,-0.8256123956460798,0.6992046915510288,0.3099594672412294,Class_1
-2.1305877301316563,-1.8274961988993184,1.2136253360745086,-5.19286742024857,4.743454555944163,-4.195830999309108,-2.504720500975996,-1.7843762864641546,2.3194643136263413,-0.5837620252208241,2.638907106174334,Class_2
2.514830335393998,2.767717039890033,-1.8692065541538967,1.8917205798749468,-2.4719809722450097,2.1570970784713817,0.6019687285041835,0.7721149676514462,-0.2956630725533725,0.6079316401783048,0.0050575613343122,Class_1
3.423701530358981,2.91934697850505,-2.252222485542425,-6.348009743476126,5.342350943864688,-4.627087685909357,1.942793445266224,1.26649618358543,-2.1002591006309586,-2.367921218861199,8.13910680293252,Class_2
4.245632185057585,3.1584866047226643,-2.8609506356762844,-1.3031673188462387,0.9071905659566794,-0.7245131618962095,1.2327108685209942,1.3675992614296688,-1.897940106554656,-0.3855672019752496,4.586000423155828,Class_2
1.4579809961051375,1.3106978032280632,-1.0312760757960184,1.9255696003729248,-1.8102756390086696,1.7262479097922148,2.302100521120169,2.1361574368124545,-2.048261878411451,1.1671373676115624,1.766897337083716,Class_2
4.134561187052342,3.4788733941949728,-2.636472967492668,-0.7344004600038437,0.7461565434439373,-0.5513294886835263,-1.426079839050817,-1.2728775870032865,0.8081104289284776,-0.1709712890329355,2.7880223008542107,Class_2
-5.563360655359076,-4.458797979576209,3.7027663689790025,-3.323641644617057,3.320018539230735,-2.5824258927145003,1.8299078270468487,1.207026207968342,-0.9990410278054428,-0.8291436361661667,-1.1046719218216754,Class_1
-0.8891029942978076,-0.8791354723528104,0.5873137388413184,-1.7662873073683376,1.9627216020807292,-1.442893600165381,-0.1125895692780755,-0.3564679399229074,0.8174285563470913,-0.656843222137597,-0.0047413239486789,Class_1
-2.664240743363976,-1.960528573946764,2.075482915381164,1.6270289130982536,-1.5138095444480315,1.7549421112522086,1.0654231970587251,0.3117499188551601,-0.606818330519221,-3.028022563068214,-2.402492362292941,Class_0
0.1373532174673238,0.3448501495110341,0.3036576315144924,-3.903072903984026,3.2097163218936164,-2.569348254741367,-1.903587274901564,-1.277138235920149,1.507327351817345,-1.0118019704119208,2.2831904327553847,Class_2
-1.581181038028869,-1.7573867002512382,0.902025048686666,2.571731379452244,-2.534667876224238,1.80270989987064,-0.545599283162422,-0.9745282502234188,0.8134824034031694,1.0572413725125822,-2.646740717434505,Class_0
-0.495970773964891,-0.7691862982449593,0.0804214430242529,-0.1192596552283344,-0.0065067157369165,-0.4916281182811982,-0.4631150299357446,0.1015296900140717,0.6773874016675485,-0.5826027668962316,-0.8207345686177013,Class_1
5.824196145579078,4.986077168047461,-3.955780325969729,-2.6786089109556976,1.666995079434108,-1.5469739391844373,1.3816080295889002,1.0614447592179668,-0.0199919936421505,-0.4645443620012255,6.527554641402642,Class_2
-0.3511442793666886,-0.1253034464555034,0.3187819098330455,-1.5708328415175696,1.0540090802955748,-0.875155986533956,0.819103768326043,0.8568936593728694,-0.9370719885103443,-2.331812187036408,1.3259221405710058,Class_2
0.9570245377612184,1.1152081005767156,-0.6484285321729765,-2.103448441011617,1.5968675766303548,-1.694794617165632,0.8438496363831154,0.0839978571168382,-0.4161954004131101,-1.6308377931125622,2.262821262310512,Class_2
-0.9836524312642264,-0.2067466445155808,0.5827892482581248,1.5053415319619172,-2.145486777571727,1.1962152582699936,-1.6203157071198535,-1.200230624413856,1.3165063161778312,1.190049178599753,-2.9162856749850765,Class_0
0.0760317201223953,0.4534356821524858,-0.1170203485575736,1.52642494703657,-0.7975625138150558,0.8570517022076244,-0.3227248707654882,-0.2145885825667348,-0.0455723118858678,0.617294080661561,-1.788678358039538,Class_0
-0.1932030403499192,0.1859488834601089,0.0937537485194368,-3.858757612069347,2.93322152704527,-2.26764637821502,-1.5104731602421286,-0.5115545607550244,1.09508707517436,-1.2974390314394313,2.240935287195654,Class_2
1.4960225531146985,0.8929822927494808,-1.0350653632719928,-0.5632735159723816,0.2351800224515419,-1.101728334532008,1.301516895862585,1.0764442964138157,-1.2311421195717205,-0.6305723915732202,2.578401288254343,Class_2
3.5661845418391147,3.346126026626028,-2.3794396254448777,-1.6917064677392148,1.8231857293718856,-1.642498570698662,1.309657137951657,0.7473777571934295,-1.5231825968980042,-0.0291723429987831,5.063022046917177,Class_2
5.162018791567051,4.252560352060391,-3.2988069048818183,2.643970855224484,-2.546902251988652,1.8251944430539624,1.4535742480772695,0.364108241232993,-1.3773207684494106,-1.196127732156756,2.5329039579278128,Class_2
1.0081576092096842,0.6775905111200117,-0.9360834315927042,-2.267875202780837,2.7572282227347564,-1.4603358803059818,-0.8122178233785773,-0.6459851369659195,0.4367639550193182,-2.004143883513601,1.976108237222836,Class_2
1.81037057448148,1.3067997137626808,-1.4113558130157235,3.077119559858468,-3.10763068883644,2.775341849210018,-3.215065116081867,-3.1644667449904365,2.3130531015005382,-0.1592103874394356,-2.642891060249408,Class_0
-3.212647571487867,-2.812965327585453,2.077415806115602,-0.2843344874538423,-0.1023387759483515,-0.6242363904119352,-2.138639706742739,-1.719730106314504,1.7584821410793825,0.5726085621732409,-3.219202183734999,Class_0
-0.169684759299852,-0.6374566272486651,0.328575129567996,-2.488197901264237,2.194931444327272,-1.2699301285067617,2.020592267562832,1.0757883482292825,-1.2144555508055128,0.591857319729954,3.398722858033209,Class_2
2.8344885873383108,2.525641981047188,-1.8315079400526948,-1.412306338875533,1.3970593454279332,-0.5436142000696275,-0.5610629419378151,-0.1644301685071738,0.520172355437904,0.8752373855421463,3.301129606560411,Class_2
2.8939965220375967,1.9265288923693764,-1.6097250368195175,-1.6305271499742997,1.6734590345853908,-1.6133311752606008,-1.4829485096993285,0.1173866577559223,1.450027188166874,-1.5535572617798237,2.270986015721447,Class_2
0.6578653750157086,0.6216763591936972,-0.7911504635505933,-2.798446125011544,2.267390782009112,-2.794437997732014,2.198774594673054,0.7005580145311862,-1.506543800784184,0.0579019098269388,3.8432150318089655,Class_2
2.5983137577202733,2.085579814580341,-2.0695012563462254,-0.4172718564491663,-0.0121033310483011,0.1169627217740286,1.1945897246213368,2.0483179630668547,-1.1820900159275418,-0.2684513642291216,3.0299581776797417,Class_2
1.3047354752259266,1.1608120943033713,-0.8488903299363386,-2.624109801647398,2.4339365733223444,-1.449024782782827,-0.500366270769112,-0.0712262139198024,0.7261660149493208,-0.0872206854971924,2.268394827794019,Class_2
3.741523866587047,2.811538177457038,-2.956346444851853,-4.252784717590311,3.984829917298794,-2.7136076236772126,-0.760981042933808,-0.1249393090885444,0.2838851621690867,-0.2117816336341373,4.872952770585348,Class_2
1.115487579239827,0.6830905345975774,-0.3337924423942613,-0.7184754498202984,0.6406202135474227,-0.8743042487986972,-0.0451885036329819,-0.6848239545812993,0.1705416034964187,-0.6604481806075158,0.3928962269384431,Class_1
-1.0772124269997898,-0.4169009024232482,0.3467332024375112,-3.245846051888017,2.81155266908285,-2.0910916079947857,0.2339878368270192,0.6031951466392477,-0.2544648468902677,-3.017790454215605,2.120567857934782,Class_2
1.2691068955550386,1.185868049094719,-0.5030135354810515,-0.9176757729459042,1.5336418095555333,-1.9080176406371256,1.0669835257143907,1.456631567728337,-1.142537316978149,1.1618290205706736,2.913303111417215,Class_2
-9.185786133952645,-7.237866200883075,5.683471826754159,-1.590405645769171,1.649037309228386,-1.4924720477452844,0.3534985318636042,0.3556337173381892,-0.4637080400773131,0.3299901654750888,-4.877395793558355,Class_0
1.1375665341935657,0.9508907745713856,-0.5559907297357825,-1.3276759513291605,1.4441041739412532,-1.4528478422642328,1.338927329636875,-0.1215279162259543,-1.0579428859738973,-1.4842897875365075,2.7280979210894727,Class_2
-10.953257458065238,-8.909981765363737,7.938457833212866,4.231958490859244,-3.2184036737847785,3.4047626111087363,1.222605862510854,1.0818618237021254,-1.051126904792048,0.473131652992755,-9.410663673916956,Class_0
-5.315789096697723,-4.026165919986656,2.992291288786611,0.6257929111173566,-0.529890910779222,0.5390232138332791,-1.4698018226003398,-0.7143770713953475,0.9601396767040498,-0.4473048070014699,-3.876164881346231,Class_0
1.8320780104193275,0.921966906800578,-0.7644617723098386,1.0459981082780443,0.0515430784178679,0.7020347928946866,1.3230308458997124,0.5848642490333632,-0.6169594766758772,-0.41897231641773,2.1458597419344336,Class_2
1.4193494852626336,1.1744636262589376,-1.3166912172523384,-3.267447041450912,3.19083494982579,-3.137289961574505,-0.0352868023121192,0.20456785906221,0.4895620037845065,-0.7684146014890327,3.61222628552486,Class_2
-3.5688324947406778,-3.3615615077418464,2.4102113447233617,-1.0960122233464682,1.272389094097329,-0.6790280393257602,-2.6106137998666346,-1.8113276074389444,2.6919436482274444,0.5369304726522647,-3.705104277125809,Class_0
-2.1311137029501155,-1.4994795771321232,1.3828496510474988,0.3690356083018137,-0.5060579682538028,0.5011186339199901,-3.662824894404456,-2.17179074088357,2.567311125019124,-0.7998235715161989,-3.1263314735852608,Class_0
3.71106021813723,3.942608535960544,-2.715125512735895,-2.0614590101151857,1.3440301694864123,-2.1217254042173663,-0.5283319184455784,-0.2782603068478599,0.5248134005472137,-1.0968346860906002,3.468032719043061,Class_2
-1.6040639797870115,-1.190054672775919,0.785723007879705,1.714774487630892,-1.6763960878721076,0.6386394251963876,0.8920280484822692,0.4962188914633562,-0.5191607029218452,1.1317448106059955,-2.0252385724390143,Class_0
6.925408931098036,5.076048249781708,-4.32973240290667,-2.2190176885335435,2.265277326689692,-1.4407486273442736,1.1211500440180158,0.122317709121399,-0.3102856757410189,-0.178881409766725,5.950124595339847,Class_2
-0.1315486305155934,0.1474229962033924,-0.2858318612413839,-0.7888366829381558,0.7183266784780944,-0.492583959140499,-0.0916903636989167,0.20552252549919,0.942102053020578,-0.1474863899922079,0.3410928435745988,Class_1
1.058333498083746,0.7940681506658971,-0.5677449011827855,-1.2294351428850905,0.9954829924243352,-1.3288911923225444,1.635751936964466,1.7835754347944732,-2.0837078030992786,0.6924641202766653,3.167009094238312,Class_2
5.112528322798703,3.876348635830404,-3.315598858319252,-0.377909646789658,-0.9535391392487742,0.1736208140248049,-1.520020155141704,-2.1942339960372346,1.1574417564324186,-0.6675867008461763,2.374044312119216,Class_2
0.6611322287706245,0.4842118879312999,-0.5425923678674571,-0.7640531752790991,0.690383725964979,-0.8333207293935181,-0.1430689569233326,-0.0988925780412395,-0.5211440048191368,-0.4681531726468855,1.4563554470269324,Class_2
-2.903633847640175,-2.442221420348822,2.323675326049742,-0.6079296289177702,1.1032144158566752,-0.4353383349400475,0.6267882208225072,-0.2715866181325477,0.1872834036225092,0.3057152697228355,-0.442011031059896,Class_1
-0.4202058218906038,-0.3963458230703757,0.2059863728267496,-0.335586052354998,0.0972733700687393,-0.8973902912611085,-0.4535564020114602,-0.0121115239982313,0.669887340382658,-1.5413776024637658,-0.1171092220290344,Class_1
-0.1547264215935375,-0.2514282486256434,0.4527486664685871,-1.0314395063691812,1.7500128007761044,-0.441636719839513,-0.0009255638522696,0.6599272672631271,-0.3477002464214028,0.2210990467682145,1.2651690220543028,Class_2
-4.255054948919688,-3.3803951166987054,2.9737545302657997,1.060275768226579,-1.1533949845200815,1.0791170918914312,-2.016222419226304,-1.0991790676936752,1.894463953096404,-0.7557114591813673,-4.890198757152564,Class_0
-0.9664508378281992,-0.7419465664801502,0.3520350017243597,0.91007986030288,-0.4838358476257258,0.2402004541704244,1.900975388536484,1.1735286206119695,-1.2910093064402697,0.8554725924551485,-0.2600532220411177,Class_1
-2.4354595796539966,-2.132789518394344,1.4673862278075236,-0.5497492341517447,0.3470675793356723,-0.2362040474455516,-0.9204689293135196,-1.0166590719188695,1.0033571810672888,0.5466633268499089,-2.1817016330660413,Class_0
2.6494623902052608,2.227753597598995,-1.824507926442153,-0.1417036900446056,0.5287666662572624,-0.5198669120433256,2.301687357375489,1.5652277477904106,-2.226640012032609,0.41454835697503,3.769603815009644,Class_2
-0.1031085755811821,0.171427841276935,0.2360368916267766,1.919221120586624,-0.9561147142082784,0.7994485572708794,0.3758847867691683,0.7478298710447037,0.0993978110638885,-1.606958648554557,-2.4320251655093514,Class_0
-1.16112827115134,-0.7515152395738335,0.6530950409685631,-0.4089077398823704,0.4472201462860497,-0.240814612933333,1.7375754212404488,0.6483692542512807,-1.0380440916668203,-0.1033953951738197,0.1062868284583926,Class_1
-0.2746652579169476,-0.618831976118487,0.2476223854644443,-0.1858707758642407,0.690310371976588,-0.9258022846401736,0.3696230547558522,-0.9902107238464644,0.1931916621418191,-1.1772665604142774,1.0061446559838163,Class_1
0.7162851713971857,0.8050712013593002,-0.4862199542319938,-0.1412104060205595,-0.2687241562043646,0.1323480689363809,-0.1041844838028459,0.3843967543596806,0.2037722938471757,-0.0368639029770262,0.448914032651216,Class_1
2.1906011507550027,0.8573326399886162,-1.2437398065504874,3.306588902310853,-2.856239943242404,2.1358799995063755,-1.5567507949676824,0.0745748455473505,1.0802133670664271,-2.315279676889739,-1.966737019326871,Class_0
-3.1328043596790844,-2.610871860430562,2.260342874474428,-2.247437297121694,2.886278996393126,-2.4018637058461563,0.0836662806823938,0.7708978112962588,-0.1084703774925652,-1.540832268375243,0.3056489092560758,Class_1
-3.065542779939161,-2.7590186951916587,2.0839163354020385,0.97959573184222,-1.4251281887866027,1.730788254349405,0.0784064282260373,0.7015380266723741,-0.676519870187597,1.1890336088401876,-3.960263912159025,Class_0
3.37658016206255,2.798742757974179,-2.288357885064695,-3.618204989988568,3.92662192745336,-2.819027678857564,-0.9930002183024512,-0.2252247871297494,0.8049676785650842,0.3690531760065605,4.5627572237612855,Class_2
-1.2877781288392984,-0.8904267285611426,0.7117723112867238,0.594199164410794,-0.5745704273252585,0.3985020072333446,-0.4184896561189046,-0.091366344652479,0.4390611849398714,-0.353815847479667,-0.611872882866563,Class_1
-4.101659560040687,-3.2604140294269266,2.722931154426516,3.7409334002641104,-2.605920277890202,1.658641290034633,-0.7404145814547772,-1.3796072288480676,-0.0435024306911132,-0.9087433226862226,-5.744945492997226,Class_0
1.4864839655194568,0.9314305551197216,-1.1680446179747623,0.5024504230179434,-0.7328690431682379,0.524052171218594,2.3438866318451805,2.0808500792533606,-3.241931354725107,-1.084253917587093,1.1083591246328357,Class_1
1.4555916371375686,1.3050700994150877,-1.0768146737306696,0.8241394741890755,-0.6276997631763379,0.4173618593562107,-0.6199638985812937,0.1678714160473101,0.4660142954597102,0.2001557550885257,0.3920471109380412,Class_1
-4.643273712779679,-3.7778335461714008,3.361114569643477,-1.288740160550822,1.0729519552367357,-0.7727265101229865,2.343355175064228,1.3366009139004034,-1.091706240125684,-0.343632309592346,-0.3449395924599923,Class_1
0.6169391246799119,0.1458194448632099,-0.5002832830407119,-0.0720084369964479,-0.0536751795242857,-0.7073396367409654,-0.6226098423162874,-0.2483945452227655,-0.2908954501193322,1.5466471833172766,0.385209593997065,Class_1
1.933198497525709,2.3140927949294614,-1.3302838511455275,-0.8707269468946506,0.1977554148429878,-0.305595952275056,0.311277819944431,-0.1522883382259117,-0.2450326973552407,-0.1847637200103499,1.3475354737929248,Class_2
0.9619757993952508,0.5762723474556077,-1.244524206992693,-1.8983088271027884,1.5221586245346777,-1.050669330654642,-1.2038309473331887,-1.5899231617895528,1.2936824336429902,0.0587204922445335,2.054461147585279,Class_2
1.7715429465038484,1.6848280274809169,-1.1503007057296148,-0.458694526713563,0.5656629716873209,0.01450327615724,-0.1707654597496085,0.3328940732253498,0.3874478061580016,-1.3885034680553712,0.7142140591182372,Class_1
-4.437601646758134,-3.4131827591774355,2.7762676553076755,0.0630627468184724,-0.3788621733197561,0.0682408493112393,0.5705808869132366,0.9392197516623788,-0.1093757343656052,-0.3606992251771396,-3.0591444912963675,Class_0
1.0811052583261196,0.8965095830727583,-0.7583683145704929,-1.312348836965406,1.3604174826375472,-1.9355496548434448,2.024351202952454,1.4263445953654388,-2.261752305660153,0.176991405067986,2.5630159772301435,Class_2
-0.6685337046139377,-0.8801936192165183,0.6414315104251195,-1.8114534554602943,1.4243041995553456,-1.5582924941588303,0.5559806566262653,0.3123939419458148,-0.6870680556408588,-0.3727857112131867,0.2637684267703495,Class_1
-1.6299829626397644,-1.0001622340264864,0.8664152666868841,-3.084397016938943,2.3381283012920155,-2.424337919992257,2.209699686474061,0.8530051022588916,-1.6425928664807892,-0.4856285335742323,1.955685570025793,Class_2
2.668355115408107,1.7862971550635425,-2.1658862028171244,0.6231073082698239,-0.6613548184555185,0.843935646356335,0.9388839698416536,0.8336861391584098,-0.7629522603808764,0.326909625615323,1.985682047791484,Class_2
4.231001304116748,3.6817290795170954,-2.7740994331140727,1.1916586814610124,-1.1747561352498428,-0.1328729129877706,1.2180006686319491,2.1685208741638973,-2.2405235156848238,1.5148232815609894,4.087750922579419,Class_2
5.322125729613244,4.344956467362783,-3.540136596931079,0.3801149098937291,0.3800540478152683,0.1905659053293585,-0.2822639432261052,-0.6648303075524273,0.3808055089512347,0.1449693703078273,3.0009315829856678,Class_2
3.80635769868216,3.1176951932480046,-2.6924042339613803,1.940604020957171,-2.1601068605511933,1.9467841548450375,3.146815281471,2.336753759467581,-2.796269370961398,1.1441862834731378,2.588966395347793,Class_2
-0.2088234151692627,-0.1671485072120728,0.0262312888458798,0.3845975127122802,-0.3335825699156472,0.1343258176128634,-0.8333138169807093,-0.2212476855646946,0.3652087807787971,0.6216023775187822,-0.5002671228828529,Class_1
0.9224028543105935,1.1511700432457783,-0.9994118292741132,1.108748310216598,-0.8573423186314443,0.9017272917103832,-0.2717117452537452,-0.478773044822199,0.9561715337093962,1.0843533746678506,-0.2417637578894904,Class_1
2.5028006980940605,1.8312432390013929,-1.488867202154876,0.5146462586982964,0.0652406581497481,-0.1188732782865364,-1.4773353508934135,-0.431920497580743,1.279494824230938,-0.6097199233466377,0.230035493137641,Class_1
0.314389693165946,0.4981151457300993,0.0803322934461479,-0.4963466435092633,-0.2312683600404756,-0.6980063587495248,2.831329114413459,2.912329489270724,-2.229136413551552,-0.2069274949844018,2.3823555714260585,Class_2
0.262371821815667,0.3393456361400105,-0.2208950804748811,-1.0388153125825397,1.083255980029198,-0.2931978819486389,1.4332347667021712,0.6441093442070429,-1.2747613449999542,-0.2027735707646646,1.657035952940037,Class_2
2.220598343159513,1.836199777380953,-1.9240585849709293,4.569500107415044,-3.910956488911478,3.356654301702905,-0.4740848389800872,-0.0314391911797344,-0.1914218321070502,0.5462772365639759,-1.8919438193618088,Class_0
